tanggal,komoditas,nilai,satuan,tahun,bulan,split,nilai_norm_train_minmax,source_file,source_sheet,nama_asli,catatan
2019-01-01,Beras,31364.542,Ton,2019,1,train,0.27992249613127884,Ketersediaan bapok 12-19 .xlsx,2019,Beras,
2019-02-01,Beras,32326.061999999998,Ton,2019,2,train,0.30327410421730977,Ketersediaan bapok 12-19 .xlsx,2019,Beras,
2019-03-01,Beras,34392.725,Ton,2019,3,train,0.353465368488361,Ketersediaan bapok 12-19 .xlsx,2019,Beras,
2019-04-01,Beras,40567.12,Ton,2019,4,train,0.5034175818675415,Ketersediaan bapok 12-19 .xlsx,2019,Beras,
2019-05-01,Beras,43479.48,Ton,2019,5,train,0.5741475607815874,Ketersediaan bapok 12-19 .xlsx,2019,Beras,
2019-06-01,Beras,49455.997,Ton,2019,6,train,0.719294081606429,Ketersediaan bapok 12-19 .xlsx,2019,Beras,
2019-07-01,Beras,43003.050500000005,Ton,2019,7,train,0.5625769278622266,Ketersediaan bapok 12-19 .xlsx,2019,Beras,
2019-08-01,Beras,40557.8995,Ton,2019,8,train,0.5031936515256273,Ketersediaan bapok 12-19 .xlsx,2019,Beras,
2019-09-01,Beras,40705.94,Ton,2019,9,train,0.5067889836423385,Ketersediaan bapok 12-19 .xlsx,2019,Beras,
2019-10-01,Beras,38985.971,Ton,2019,10,train,0.46501757794290133,Ketersediaan bapok 12-19 .xlsx,2019,Beras,
2019-11-01,Beras,36480.218,Ton,2019,11,train,0.40416251302860273,Ketersediaan bapok 12-19 .xlsx,2019,Beras,
2019-12-01,Beras,35356.82,Ton,2019,12,train,0.3768795133815531,Ketersediaan bapok 12-19 .xlsx,2019,Beras,
2020-01-01,Beras,19838.523,Ton,2020,1,train,0.0,lap .bln 20 .xlsx,20,Beras,
2020-02-01,Beras,22575.87,Ton,2020,2,train,0.06647958892115892,lap .bln 20 .xlsx,20,Beras,
2020-03-01,Beras,22820.975000000002,Ton,2020,3,train,0.07243224294804002,lap .bln 20 .xlsx,20,Beras,
2020-04-01,Beras,27342.44,Ton,2020,4,train,0.18224116908031618,lap .bln 20 .xlsx,20,Beras,
2020-05-01,Beras,26644.358,Ton,2020,5,train,0.16528745280201446,lap .bln 20 .xlsx,20,Beras,
2020-06-01,Beras,55744.35800000001,Ton,2020,6,train,0.872014089069074,lap .bln 20 .xlsx,20,Beras,
2020-07-01,Beras,58653.259,Ton,2020,7,train,0.9426600622293446,lap .bln 20 .xlsx,20,Beras,
2020-08-01,Beras,23961.452,Ton,2020,8,train,0.1001300255580038,lap .bln 20 .xlsx,20,Beras,
2020-09-01,Beras,61014.274,Ton,2020,9,train,1.0,lap .bln 20 .xlsx,20,Beras,
2020-10-01,Beras,27267.11,Ton,2020,10,train,0.18041169425179399,lap .bln 20 .xlsx,20,Beras,
2020-11-01,Beras,25565.278,Ton,2020,11,train,0.13908076625001928,lap .bln 20 .xlsx,20,Beras,
2020-12-01,Beras,57415.329000000005,Ton,2020,12,train,0.9125955225443249,lap .bln 20 .xlsx,20,Beras,
2021-01-01,Beras,27342.587,Ton,2021,1,train,0.1822447391427056,lap .bln 21 .xlsx,21,Beras,
2021-02-01,Beras,25478.146,Ton,2021,2,train,0.1369646664125203,lap .bln 21 .xlsx,21,Beras,
2021-03-01,Beras,30482.017,Ton,2021,3,train,0.25848937157211777,lap .bln 21 .xlsx,21,Beras,
2021-04-01,Beras,30246.164,Ton,2021,4,train,0.25276141290052,lap .bln 21 .xlsx,21,Beras,
2021-05-01,Beras,34438.5,Ton,2021,5,train,0.3545770664875062,lap .bln 21 .xlsx,21,Beras,
2021-06-01,Beras,32868.219,Ton,2021,6,train,0.316441004318294,lap .bln 21 .xlsx,21,Beras,
2021-07-01,Beras,30875.674,Ton,2021,7,train,0.26804978007565666,lap .bln 21 .xlsx,21,Beras,
2021-08-01,Beras,30630.634,Ton,2021,8,train,0.26209870464779134,lap .bln 21 .xlsx,21,Beras,
2021-09-01,Beras,29420.685,Ton,2021,9,train,0.23271371540982946,lap .bln 21 .xlsx,21,Beras,
2021-10-01,Beras,25744.623,Ton,2021,10,train,0.143436363795769,lap .bln 21 .xlsx,21,Beras,
2021-11-01,Beras,23663.115,Ton,2021,11,train,0.09288457179566685,lap .bln 21 .xlsx,21,Beras,
2021-12-01,Beras,24518.49,Ton,2021,12,train,0.11365832768903233,lap .bln 21 .xlsx,21,Beras,
2022-01-01,Beras,28317.0,Ton,2022,1,train,0.20590946841503874,lap .bln 22.xlsx,22,Beras,
2022-02-01,Beras,28745.0,Ton,2022,2,train,0.21630393578006626,lap .bln 22.xlsx,22,Beras,
2022-03-01,Beras,28166.0,Ton,2022,3,train,0.2022422614708351,lap .bln 22.xlsx,22,Beras,
2022-04-01,Beras,33821.0,Ton,2022,4,train,0.3395803758381966,lap .bln 22.xlsx,22,Beras,
2022-05-01,Beras,35937.0,Ton,2022,5,train,0.3909698453344543,lap .bln 22.xlsx,22,Beras,
2022-06-01,Beras,39172.0,Ton,2022,6,train,0.4695355040397442,lap .bln 22.xlsx,22,Beras,
2022-07-01,Beras,35059.27,Ton,2022,7,train,0.36965317281037563,lap .bln 22.xlsx,22,Beras,
2022-08-01,Beras,29992.692,Ton,2022,8,train,0.24660555675110818,lap .bln 22.xlsx,22,Beras,
2022-09-01,Beras,24574.827,Ton,2022,9,train,0.11502653588516214,lap .bln 22.xlsx,22,Beras,
2022-10-01,Beras,24919.279,Ton,2022,10,train,0.12339194493380334,lap .bln 22.xlsx,22,Beras,
2022-11-01,Beras,23849.45,Ton,2022,11,train,0.09740992945095282,lap .bln 22.xlsx,22,Beras,
2022-12-01,Beras,24135.453,Ton,2022,12,train,0.10435583797852287,lap .bln 22.xlsx,22,Beras,
2023-01-01,Beras,28633.903000000002,Ton,2023,1,validation,0.2136058186285419,rekap ketersediaan 2023.xlsx,Sheet1,Beras,
2023-02-01,Beras,28942.907,Ton,2023,2,validation,0.22111033263242724,rekap ketersediaan 2023.xlsx,Sheet1,Beras,
2023-03-01,Beras,33727.515,Ton,2023,3,validation,0.3373099861615153,rekap ketersediaan 2023.xlsx,Sheet1,Beras,
2023-04-01,Beras,39382.543,Ton,2023,4,validation,0.4746487805407605,rekap ketersediaan 2023.xlsx,Sheet1,Beras,
2023-05-01,Beras,32001.42,Ton,2023,5,validation,0.2953898035763816,rekap ketersediaan 2023.xlsx,Sheet1,Beras,
2023-06-01,Beras,31983.130000000005,Ton,2023,6,validation,0.29494561009949777,rekap ketersediaan 2023.xlsx,Sheet1,Beras,
2023-07-01,Beras,33458.93000000002,Ton,2023,7,validation,0.3307870935978805,rekap ketersediaan 2023.xlsx,Sheet1,Beras,
2023-08-01,Beras,33615.19999999998,Ton,2023,8,validation,0.3345822884930498,rekap ketersediaan 2023.xlsx,Sheet1,Beras,
2023-09-01,Beras,32876.05000000002,Ton,2023,9,validation,0.31663118907048027,rekap ketersediaan 2023.xlsx,Sheet1,Beras,
2023-10-01,Beras,40823.06,Ton,2023,10,validation,0.509633376207273,rekap ketersediaan 2023.xlsx,Sheet1,Beras,
2023-11-01,Beras,40105.9,Ton,2023,11,validation,0.4922163289747891,rekap ketersediaan 2023.xlsx,Sheet1,Beras,
2023-12-01,Beras,41635.36,Ton,2023,12,validation,0.5293610066759924,rekap ketersediaan 2023.xlsx,Sheet1,Beras,
2024-01-01,Beras,56839.629999999976,Ton,2024,1,stress_test,0.8986140167789527,rekap ketersediaan 2024.xlsx,Sheet1,Beras Medium + Beras Premium,Beras total dihitung dari Beras Medium + Beras Premium; Jan–Mei Medium kosong.
2024-02-01,Beras,47695.45,Ton,2024,2,stress_test,0.6765371929706879,rekap ketersediaan 2024.xlsx,Sheet1,Beras Medium + Beras Premium,Beras total dihitung dari Beras Medium + Beras Premium; Jan–Mei Medium kosong.
2024-03-01,Beras,59906.188654269725,Ton,2024,3,stress_test,0.9730888855984613,rekap ketersediaan 2024.xlsx,Sheet1,Beras Medium + Beras Premium,Beras total dihitung dari Beras Medium + Beras Premium; Jan–Mei Medium kosong.
2024-04-01,Beras,67757.71996403077,Ton,2024,4,stress_test,1.1637722640208983,rekap ketersediaan 2024.xlsx,Sheet1,Beras Medium + Beras Premium,Beras total dihitung dari Beras Medium + Beras Premium; Jan–Mei Medium kosong.
2024-05-01,Beras,78867.80996403066,Ton,2024,5,stress_test,1.433593450767435,rekap ketersediaan 2024.xlsx,Sheet1,Beras Medium + Beras Premium,Beras total dihitung dari Beras Medium + Beras Premium; Jan–Mei Medium kosong.
2024-06-01,Beras,107445.43648720134,Ton,2024,6,stress_test,2.1276336523212738,rekap ketersediaan 2024.xlsx,Sheet1,Beras Medium + Beras Premium,Beras total dihitung dari Beras Medium + Beras Premium; Jan–Mei Medium kosong.
2024-07-01,Beras,88538.99315386804,Ton,2024,7,stress_test,1.668469147141191,rekap ketersediaan 2024.xlsx,Sheet1,Beras Medium + Beras Premium,Beras total dihitung dari Beras Medium + Beras Premium; Jan–Mei Medium kosong.
2024-08-01,Beras,126877.15992806168,Ton,2024,8,stress_test,2.599555183050861,rekap ketersediaan 2024.xlsx,Sheet1,Beras Medium + Beras Premium,Beras total dihitung dari Beras Medium + Beras Premium; Jan–Mei Medium kosong.
2024-09-01,Beras,138480.91670225523,Ton,2024,9,stress_test,2.8813656295486934,rekap ketersediaan 2024.xlsx,Sheet1,Beras Medium + Beras Premium,Beras total dihitung dari Beras Medium + Beras Premium; Jan–Mei Medium kosong.
2024-10-01,Beras,159617.49412161,Ton,2024,10,stress_test,3.3946914804689303,rekap ketersediaan 2024.xlsx,Sheet1,Beras Medium + Beras Premium,Beras total dihitung dari Beras Medium + Beras Premium; Jan–Mei Medium kosong.
2024-11-01,Beras,165452.61947644872,Ton,2024,11,stress_test,3.5364041441878915,rekap ketersediaan 2024.xlsx,Sheet1,Beras Medium + Beras Premium,Beras total dihitung dari Beras Medium + Beras Premium; Jan–Mei Medium kosong.
2024-12-01,Beras,206400.1505732231,Ton,2024,12,stress_test,4.530861563963293,rekap ketersediaan 2024.xlsx,Sheet1,Beras Medium + Beras Premium,Beras total dihitung dari Beras Medium + Beras Premium; Jan–Mei Medium kosong.
2019-01-01,Jagung,892.5,Ton,2019,1,train,1.0,Ketersediaan bapok 12-19 .xlsx,2019,Jagung,
2019-02-01,Jagung,336.0,Ton,2019,2,train,0.3764705882352941,Ketersediaan bapok 12-19 .xlsx,2019,Jagung,
2019-03-01,Jagung,630.0,Ton,2019,3,train,0.7058823529411765,Ketersediaan bapok 12-19 .xlsx,2019,Jagung,
2019-04-01,Jagung,225.75,Ton,2019,4,train,0.2529411764705882,Ketersediaan bapok 12-19 .xlsx,2019,Jagung,
2019-05-01,Jagung,190.0,Ton,2019,5,train,0.21288515406162464,Ketersediaan bapok 12-19 .xlsx,2019,Jagung,
2019-06-01,Jagung,70.0,Ton,2019,6,train,0.0784313725490196,Ketersediaan bapok 12-19 .xlsx,2019,Jagung,
2019-07-01,Jagung,340.0,Ton,2019,7,train,0.38095238095238093,Ketersediaan bapok 12-19 .xlsx,2019,Jagung,
2019-08-01,Jagung,590.0,Ton,2019,8,train,0.6610644257703081,Ketersediaan bapok 12-19 .xlsx,2019,Jagung,
2019-09-01,Jagung,305.0,Ton,2019,9,train,0.34173669467787116,Ketersediaan bapok 12-19 .xlsx,2019,Jagung,
2019-10-01,Jagung,125.0,Ton,2019,10,train,0.1400560224089636,Ketersediaan bapok 12-19 .xlsx,2019,Jagung,
2019-11-01,Jagung,25.0,Ton,2019,11,train,0.028011204481792718,Ketersediaan bapok 12-19 .xlsx,2019,Jagung,
2019-12-01,Jagung,25.0,Ton,2019,12,train,0.028011204481792718,Ketersediaan bapok 12-19 .xlsx,2019,Jagung,
2020-01-01,Jagung,75.0,Ton,2020,1,train,0.08403361344537816,lap .bln 20 .xlsx,20,Jagung,
2020-02-01,Jagung,160.0,Ton,2020,2,train,0.1792717086834734,lap .bln 20 .xlsx,20,Jagung,
2020-03-01,Jagung,130.0,Ton,2020,3,train,0.14565826330532214,lap .bln 20 .xlsx,20,Jagung,
2020-04-01,Jagung,225.75,Ton,2020,4,train,0.2529411764705882,lap .bln 20 .xlsx,20,Jagung,
2020-05-01,Jagung,190.0,Ton,2020,5,train,0.21288515406162464,lap .bln 20 .xlsx,20,Jagung,
2020-06-01,Jagung,53.8,Ton,2020,6,train,0.060280112044817924,lap .bln 20 .xlsx,20,Jagung,
2020-07-01,Jagung,181.777,Ton,2020,7,train,0.20367170868347337,lap .bln 20 .xlsx,20,Jagung,
2020-08-01,Jagung,7.1,Ton,2020,8,train,0.007955182072829131,lap .bln 20 .xlsx,20,Jagung,
2020-09-01,Jagung,0.0,Ton,2020,9,train,0.0,lap .bln 20 .xlsx,20,Jagung,
2020-10-01,Jagung,105.921,Ton,2020,10,train,0.11867899159663867,lap .bln 20 .xlsx,20,Jagung,
2020-11-01,Jagung,12.254,Ton,2020,11,train,0.013729971988795518,lap .bln 20 .xlsx,20,Jagung,
2020-12-01,Jagung,8.283,Ton,2020,12,train,0.009280672268907563,lap .bln 20 .xlsx,20,Jagung,
2021-01-01,Jagung,353.0,Ton,2021,1,train,0.39551820728291315,lap .bln 21 .xlsx,21,Jagung,
2021-02-01,Jagung,374.0,Ton,2021,2,train,0.41904761904761906,lap .bln 21 .xlsx,21,Jagung,
2021-03-01,Jagung,202.0,Ton,2021,3,train,0.22633053221288515,lap .bln 21 .xlsx,21,Jagung,
2021-04-01,Jagung,128.0,Ton,2021,4,train,0.1434173669467787,lap .bln 21 .xlsx,21,Jagung,
2021-05-01,Jagung,33.0,Ton,2021,5,train,0.03697478991596639,lap .bln 21 .xlsx,21,Jagung,
2021-06-01,Jagung,93.0,Ton,2021,6,train,0.10420168067226891,lap .bln 21 .xlsx,21,Jagung,
2021-07-01,Jagung,134.0,Ton,2021,7,train,0.15014005602240896,lap .bln 21 .xlsx,21,Jagung,
2021-08-01,Jagung,189.0,Ton,2021,8,train,0.21176470588235294,lap .bln 21 .xlsx,21,Jagung,
2021-09-01,Jagung,45.0,Ton,2021,9,train,0.05042016806722689,lap .bln 21 .xlsx,21,Jagung,
2021-10-01,Jagung,16.0,Ton,2021,10,train,0.017927170868347338,lap .bln 21 .xlsx,21,Jagung,
2021-11-01,Jagung,227.0,Ton,2021,11,train,0.25434173669467786,lap .bln 21 .xlsx,21,Jagung,
2021-12-01,Jagung,475.0,Ton,2021,12,train,0.5322128851540616,lap .bln 21 .xlsx,21,Jagung,
2022-01-01,Jagung,178.0,Ton,2022,1,train,0.19943977591036416,lap .bln 22.xlsx,22,Jagung,
2022-02-01,Jagung,87.0,Ton,2022,2,train,0.09747899159663866,lap .bln 22.xlsx,22,Jagung,
2022-03-01,Jagung,216.0,Ton,2022,3,train,0.24201680672268908,lap .bln 22.xlsx,22,Jagung,
2022-04-01,Jagung,60.0,Ton,2022,4,train,0.06722689075630252,lap .bln 22.xlsx,22,Jagung,
2022-05-01,Jagung,24.0,Ton,2022,5,train,0.02689075630252101,lap .bln 22.xlsx,22,Jagung,
2022-06-01,Jagung,178.0,Ton,2022,6,train,0.19943977591036416,lap .bln 22.xlsx,22,Jagung,
2022-07-01,Jagung,255.0,Ton,2022,7,train,0.2857142857142857,lap .bln 22.xlsx,22,Jagung,
2022-08-01,Jagung,63.0,Ton,2022,8,train,0.07058823529411765,lap .bln 22.xlsx,22,Jagung,
2022-09-01,Jagung,19.0,Ton,2022,9,train,0.021288515406162466,lap .bln 22.xlsx,22,Jagung,
2022-10-01,Jagung,50.0,Ton,2022,10,train,0.056022408963585436,lap .bln 22.xlsx,22,Jagung,
2022-11-01,Jagung,59.0,Ton,2022,11,train,0.06610644257703081,lap .bln 22.xlsx,22,Jagung,
2022-12-01,Jagung,126.0,Ton,2022,12,train,0.1411764705882353,lap .bln 22.xlsx,22,Jagung,
2023-01-01,Jagung,94.02499999999999,Ton,2023,1,validation,0.1053501400560224,rekap ketersediaan 2023.xlsx,Sheet1,Jagung,
2023-02-01,Jagung,82.086,Ton,2023,2,validation,0.09197310924369748,rekap ketersediaan 2023.xlsx,Sheet1,Jagung,
2023-03-01,Jagung,165.451,Ton,2023,3,validation,0.18537927170868346,rekap ketersediaan 2023.xlsx,Sheet1,Jagung,
2023-04-01,Jagung,39.248,Ton,2023,4,validation,0.04397535014005602,rekap ketersediaan 2023.xlsx,Sheet1,Jagung,
2023-05-01,Jagung,497.43,Ton,2023,5,validation,0.557344537815126,rekap ketersediaan 2023.xlsx,Sheet1,Jagung,
2023-06-01,Jagung,504.0,Ton,2023,6,validation,0.5647058823529412,rekap ketersediaan 2023.xlsx,Sheet1,Jagung,
2023-07-01,Jagung,400.40000000000003,Ton,2023,7,validation,0.4486274509803922,rekap ketersediaan 2023.xlsx,Sheet1,Jagung,
2023-08-01,Jagung,477.40000000000003,Ton,2023,8,validation,0.5349019607843137,rekap ketersediaan 2023.xlsx,Sheet1,Jagung,
2023-09-01,Jagung,462.00000000000006,Ton,2023,9,validation,0.5176470588235295,rekap ketersediaan 2023.xlsx,Sheet1,Jagung,
2023-10-01,Jagung,477.40000000000003,Ton,2023,10,validation,0.5349019607843137,rekap ketersediaan 2023.xlsx,Sheet1,Jagung,
2023-11-01,Jagung,462.00000000000006,Ton,2023,11,validation,0.5176470588235295,rekap ketersediaan 2023.xlsx,Sheet1,Jagung,
2023-12-01,Jagung,477.4000000000001,Ton,2023,12,validation,0.5349019607843138,rekap ketersediaan 2023.xlsx,Sheet1,Jagung,
2024-01-01,Jagung,519.6799999999997,Ton,2024,1,stress_test,0.5822745098039213,rekap ketersediaan 2024.xlsx,Sheet1,Jagung,
2024-02-01,Jagung,400.39999999999986,Ton,2024,2,stress_test,0.44862745098039203,rekap ketersediaan 2024.xlsx,Sheet1,Jagung,
2024-03-01,Jagung,893.3065713859964,Ton,2024,3,stress_test,1.0009037214408925,rekap ketersediaan 2024.xlsx,Sheet1,Jagung,
2024-04-01,Jagung,987.9304441561272,Ton,2024,4,stress_test,1.1069248674018233,rekap ketersediaan 2024.xlsx,Sheet1,Jagung,
2024-05-01,Jagung,1205.8104441561322,Ton,2024,5,stress_test,1.3510481167015487,rekap ketersediaan 2024.xlsx,Sheet1,Jagung,
2024-06-01,Jagung,92.65166666666664,Ton,2024,6,stress_test,0.1038113912231559,rekap ketersediaan 2024.xlsx,Sheet1,Jagung,
2024-07-01,Jagung,52.15999999999988,Ton,2024,7,stress_test,0.058442577030812196,rekap ketersediaan 2024.xlsx,Sheet1,Jagung,
2024-08-01,Jagung,37.0116129032256,Ton,2024,8,stress_test,0.0414695942893284,rekap ketersediaan 2024.xlsx,Sheet1,Jagung,
2024-09-01,Jagung,25.66322580645136,Ton,2024,9,stress_test,0.028754314629077155,rekap ketersediaan 2024.xlsx,Sheet1,Jagung,
2024-10-01,Jagung,16.744516129032018,Ton,2024,10,stress_test,0.018761362609559684,rekap ketersediaan 2024.xlsx,Sheet1,Jagung,
2024-11-01,Jagung,10.097505376343866,Ton,2024,11,stress_test,0.011313731514110775,rekap ketersediaan 2024.xlsx,Sheet1,Jagung,
2024-12-01,Jagung,72.82580645161266,Ton,2024,12,stress_test,0.08159754224270327,rekap ketersediaan 2024.xlsx,Sheet1,Jagung,
2019-01-01,Bawang Merah,278.47049999999996,Ton,2019,1,train,0.001408482142857126,Ketersediaan bapok 12-19 .xlsx,2019,Bawang merah,
2019-02-01,Bawang Merah,325.5,Ton,2019,2,train,0.020495129870129872,Ketersediaan bapok 12-19 .xlsx,2019,Bawang merah,
2019-03-01,Bawang Merah,309.75,Ton,2019,3,train,0.014103084415584416,Ketersediaan bapok 12-19 .xlsx,2019,Bawang merah,
2019-04-01,Bawang Merah,315.0,Ton,2019,4,train,0.016233766233766232,Ketersediaan bapok 12-19 .xlsx,2019,Bawang merah,
2019-05-01,Bawang Merah,400.0,Ton,2019,5,train,0.05073051948051948,Ketersediaan bapok 12-19 .xlsx,2019,Bawang merah,
2019-06-01,Bawang Merah,750.0,Ton,2019,6,train,0.19277597402597402,Ketersediaan bapok 12-19 .xlsx,2019,Bawang merah,
2019-07-01,Bawang Merah,275.0,Ton,2019,7,train,0.0,Ketersediaan bapok 12-19 .xlsx,2019,Bawang merah,
2019-08-01,Bawang Merah,275.0,Ton,2019,8,train,0.0,Ketersediaan bapok 12-19 .xlsx,2019,Bawang merah,
2019-09-01,Bawang Merah,350.0,Ton,2019,9,train,0.030438311688311688,Ketersediaan bapok 12-19 .xlsx,2019,Bawang merah,
2019-10-01,Bawang Merah,275.0,Ton,2019,10,train,0.0,Ketersediaan bapok 12-19 .xlsx,2019,Bawang merah,
2019-11-01,Bawang Merah,280.0,Ton,2019,11,train,0.002029220779220779,Ketersediaan bapok 12-19 .xlsx,2019,Bawang merah,
2019-12-01,Bawang Merah,356.262,Ton,2019,12,train,0.03297970779220779,Ketersediaan bapok 12-19 .xlsx,2019,Bawang merah,
2020-01-01,Bawang Merah,1425.0,Ton,2020,1,train,0.4667207792207792,lap .bln 20 .xlsx,20,Bawang merah,
2020-02-01,Bawang Merah,1450.0,Ton,2020,2,train,0.47686688311688313,lap .bln 20 .xlsx,20,Bawang merah,
2020-03-01,Bawang Merah,1495.0,Ton,2020,3,train,0.49512987012987014,lap .bln 20 .xlsx,20,Bawang merah,
2020-04-01,Bawang Merah,1625.0,Ton,2020,4,train,0.5478896103896104,lap .bln 20 .xlsx,20,Bawang merah,
2020-05-01,Bawang Merah,1400.0,Ton,2020,5,train,0.4565746753246753,lap .bln 20 .xlsx,20,Bawang merah,
2020-06-01,Bawang Merah,2210.9,Ton,2020,6,train,0.7856737012987013,lap .bln 20 .xlsx,20,Bawang merah,
2020-07-01,Bawang Merah,2404.286,Ton,2020,7,train,0.8641582792207793,lap .bln 20 .xlsx,20,Bawang merah,
2020-08-01,Bawang Merah,2425.076,Ton,2020,8,train,0.8725957792207792,lap .bln 20 .xlsx,20,Bawang merah,
2020-09-01,Bawang Merah,2521.74,Ton,2020,9,train,0.9118262987012986,lap .bln 20 .xlsx,20,Bawang merah,
2020-10-01,Bawang Merah,2524.73,Ton,2020,10,train,0.9130397727272728,lap .bln 20 .xlsx,20,Bawang merah,
2020-11-01,Bawang Merah,2459.527,Ton,2020,11,train,0.8865775162337662,lap .bln 20 .xlsx,20,Bawang merah,
2020-12-01,Bawang Merah,2739.0,Ton,2020,12,train,1.0,lap .bln 20 .xlsx,20,Bawang merah,
2021-01-01,Bawang Merah,2672.0,Ton,2021,1,train,0.9728084415584416,lap .bln 21 .xlsx,21,Bawang merah,
2021-02-01,Bawang Merah,2525.0,Ton,2021,2,train,0.9131493506493507,lap .bln 21 .xlsx,21,Bawang merah,
2021-03-01,Bawang Merah,2473.0,Ton,2021,3,train,0.8920454545454546,lap .bln 21 .xlsx,21,Bawang merah,
2021-04-01,Bawang Merah,2567.0,Ton,2021,4,train,0.9301948051948052,lap .bln 21 .xlsx,21,Bawang merah,
2021-05-01,Bawang Merah,2523.0,Ton,2021,5,train,0.9123376623376623,lap .bln 21 .xlsx,21,Bawang merah,
2021-06-01,Bawang Merah,2206.0,Ton,2021,6,train,0.783685064935065,lap .bln 21 .xlsx,21,Bawang merah,
2021-07-01,Bawang Merah,2121.0,Ton,2021,7,train,0.7491883116883117,lap .bln 21 .xlsx,21,Bawang merah,
2021-08-01,Bawang Merah,2226.0,Ton,2021,8,train,0.791801948051948,lap .bln 21 .xlsx,21,Bawang merah,
2021-09-01,Bawang Merah,2231.0,Ton,2021,9,train,0.7938311688311688,lap .bln 21 .xlsx,21,Bawang merah,
2021-10-01,Bawang Merah,2305.0,Ton,2021,10,train,0.8238636363636364,lap .bln 21 .xlsx,21,Bawang merah,
2021-11-01,Bawang Merah,2321.0,Ton,2021,11,train,0.8303571428571429,lap .bln 21 .xlsx,21,Bawang merah,
2021-12-01,Bawang Merah,2301.0,Ton,2021,12,train,0.8222402597402597,lap .bln 21 .xlsx,21,Bawang merah,
2022-01-01,Bawang Merah,2293.0,Ton,2022,1,train,0.8189935064935064,lap .bln 22.xlsx,22,Bawang merah,
2022-02-01,Bawang Merah,1631.0,Ton,2022,2,train,0.5503246753246753,lap .bln 22.xlsx,22,Bawang merah,
2022-03-01,Bawang Merah,1521.0,Ton,2022,3,train,0.5056818181818182,lap .bln 22.xlsx,22,Bawang merah,
2022-04-01,Bawang Merah,1443.0,Ton,2022,4,train,0.474025974025974,lap .bln 22.xlsx,22,Bawang merah,
2022-05-01,Bawang Merah,1459.0,Ton,2022,5,train,0.4805194805194805,lap .bln 22.xlsx,22,Bawang merah,
2022-06-01,Bawang Merah,1315.0,Ton,2022,6,train,0.42207792207792205,lap .bln 22.xlsx,22,Bawang merah,
2022-07-01,Bawang Merah,1417.0,Ton,2022,7,train,0.463474025974026,lap .bln 22.xlsx,22,Bawang merah,
2022-08-01,Bawang Merah,1424.0,Ton,2022,8,train,0.46631493506493504,lap .bln 22.xlsx,22,Bawang merah,
2022-09-01,Bawang Merah,1353.0,Ton,2022,9,train,0.4375,lap .bln 22.xlsx,22,Bawang merah,
2022-10-01,Bawang Merah,1343.0,Ton,2022,10,train,0.43344155844155846,lap .bln 22.xlsx,22,Bawang merah,
2022-11-01,Bawang Merah,1298.0,Ton,2022,11,train,0.41517857142857145,lap .bln 22.xlsx,22,Bawang merah,
2022-12-01,Bawang Merah,2301.0,Ton,2022,12,train,0.8222402597402597,lap .bln 22.xlsx,22,Bawang merah,
2023-01-01,Bawang Merah,1354.2199999999998,Ton,2023,1,validation,0.4379951298701298,rekap ketersediaan 2023.xlsx,Sheet1,Bawang Merah,
2023-02-01,Bawang Merah,1211.7100000000003,Ton,2023,2,validation,0.3801582792207793,rekap ketersediaan 2023.xlsx,Sheet1,Bawang Merah,
2023-03-01,Bawang Merah,1520.516,Ton,2023,3,validation,0.5054853896103897,rekap ketersediaan 2023.xlsx,Sheet1,Bawang Merah,
2023-04-01,Bawang Merah,1442.8950000000002,Ton,2023,4,validation,0.4739833603896105,rekap ketersediaan 2023.xlsx,Sheet1,Bawang Merah,
2023-05-01,Bawang Merah,1000.12,Ton,2023,5,validation,0.29428571428571426,rekap ketersediaan 2023.xlsx,Sheet1,Bawang Merah,
2023-06-01,Bawang Merah,1134.17,Ton,2023,6,validation,0.3486891233766234,rekap ketersediaan 2023.xlsx,Sheet1,Bawang Merah,
2023-07-01,Bawang Merah,1319.68,Ton,2023,7,validation,0.42397727272727276,rekap ketersediaan 2023.xlsx,Sheet1,Bawang Merah,
2023-08-01,Bawang Merah,1319.53,Ton,2023,8,validation,0.4239163961038961,rekap ketersediaan 2023.xlsx,Sheet1,Bawang Merah,
2023-09-01,Bawang Merah,1277.83,Ton,2023,9,validation,0.4069926948051948,rekap ketersediaan 2023.xlsx,Sheet1,Bawang Merah,
2023-10-01,Bawang Merah,1319.93,Ton,2023,10,validation,0.4240787337662338,rekap ketersediaan 2023.xlsx,Sheet1,Bawang Merah,
2023-11-01,Bawang Merah,1278.3,Ton,2023,11,validation,0.40718344155844155,rekap ketersediaan 2023.xlsx,Sheet1,Bawang Merah,
2023-12-01,Bawang Merah,1322.42,Ton,2023,12,validation,0.4250892857142857,rekap ketersediaan 2023.xlsx,Sheet1,Bawang Merah,
2024-01-01,Bawang Merah,2525.770000000001,Ton,2024,1,stress_test,0.913461850649351,rekap ketersediaan 2024.xlsx,Sheet1,Bawang Merah,
2024-02-01,Bawang Merah,1268.3399999999995,Ton,2024,2,stress_test,0.40314123376623356,rekap ketersediaan 2024.xlsx,Sheet1,Bawang Merah,
2024-03-01,Bawang Merah,2420.6133356956866,Ton,2024,3,stress_test,0.8707846329933793,rekap ketersediaan 2024.xlsx,Sheet1,Bawang Merah,
2024-04-01,Bawang Merah,3187.363731221379,Ton,2024,4,stress_test,1.1819658000086766,rekap ketersediaan 2024.xlsx,Sheet1,Bawang Merah,
2024-05-01,Bawang Merah,4030.3137312213826,Ton,2024,5,stress_test,1.5240721311775092,rekap ketersediaan 2024.xlsx,Sheet1,Bawang Merah,
2024-06-01,Bawang Merah,2419.724333333333,Ton,2024,6,stress_test,0.8704238365800865,rekap ketersediaan 2024.xlsx,Sheet1,Bawang Merah,
2024-07-01,Bawang Merah,681.9564516129041,Ton,2024,7,stress_test,0.1651608975701721,rekap ketersediaan 2024.xlsx,Sheet1,Bawang Merah,
2024-08-01,Bawang Merah,1193.3116129032258,Ton,2024,8,stress_test,0.37269140134059486,rekap ketersediaan 2024.xlsx,Sheet1,Bawang Merah,
2024-09-01,Bawang Merah,1419.2967741935456,Ton,2024,9,stress_test,0.46440615835777016,rekap ketersediaan 2024.xlsx,Sheet1,Bawang Merah,
2024-10-01,Bawang Merah,1498.7229032258012,Ton,2024,10,stress_test,0.4966407886468349,rekap ketersediaan 2024.xlsx,Sheet1,Bawang Merah,
2024-11-01,Bawang Merah,1511.6836021505314,Ton,2024,11,stress_test,0.5019008125610923,rekap ketersediaan 2024.xlsx,Sheet1,Bawang Merah,
2024-12-01,Bawang Merah,1685.939032258058,Ton,2024,12,stress_test,0.5726213604943418,rekap ketersediaan 2024.xlsx,Sheet1,Bawang Merah,
2019-01-01,Daging Ayam Ras,1519.2345,Ton,2019,1,train,0.08395117688184572,Ketersediaan bapok 12-19 .xlsx,2019,Daging ayam,
2019-02-01,Daging Ayam Ras,1522.5,Ton,2019,2,train,0.08471218830109531,Ketersediaan bapok 12-19 .xlsx,2019,Daging ayam,
2019-03-01,Daging Ayam Ras,1575.0,Ton,2019,3,train,0.09694709857841995,Ketersediaan bapok 12-19 .xlsx,2019,Daging ayam,
2019-04-01,Daging Ayam Ras,1585.5,Ton,2019,4,train,0.09939408063388487,Ketersediaan bapok 12-19 .xlsx,2019,Daging ayam,
2019-05-01,Daging Ayam Ras,2750.0,Ton,2019,5,train,0.37077604288044747,Ketersediaan bapok 12-19 .xlsx,2019,Daging ayam,
2019-06-01,Daging Ayam Ras,5450.0,Ton,2019,6,train,1.0,Ketersediaan bapok 12-19 .xlsx,2019,Daging ayam,
2019-07-01,Daging Ayam Ras,1575.0,Ton,2019,7,train,0.09694709857841995,Ketersediaan bapok 12-19 .xlsx,2019,Daging ayam,
2019-08-01,Daging Ayam Ras,1450.0,Ton,2019,8,train,0.06781635982288511,Ketersediaan bapok 12-19 .xlsx,2019,Daging ayam,
2019-09-01,Daging Ayam Ras,1450.0,Ton,2019,9,train,0.06781635982288511,Ketersediaan bapok 12-19 .xlsx,2019,Daging ayam,
2019-10-01,Daging Ayam Ras,1475.0,Ton,2019,10,train,0.07364250757399207,Ketersediaan bapok 12-19 .xlsx,2019,Daging ayam,
2019-11-01,Daging Ayam Ras,1750.0,Ton,2019,11,train,0.13773013283616872,Ketersediaan bapok 12-19 .xlsx,2019,Daging ayam,
2019-12-01,Daging Ayam Ras,2750.0,Ton,2019,12,train,0.37077604288044747,Ketersediaan bapok 12-19 .xlsx,2019,Daging ayam,
2020-01-01,Daging Ayam Ras,1295.2,Ton,2020,1,train,0.03174085294803077,lap .bln 20 .xlsx,20,Daging ayam,
2020-02-01,Daging Ayam Ras,1159.0,Ton,2020,2,train,0.0,lap .bln 20 .xlsx,20,Daging ayam,
2020-03-01,Daging Ayam Ras,1275.0,Ton,2020,3,train,0.02703332556513633,lap .bln 20 .xlsx,20,Daging ayam,
2020-04-01,Daging Ayam Ras,1585.5,Ton,2020,4,train,0.09939408063388487,lap .bln 20 .xlsx,20,Daging ayam,
2020-05-01,Daging Ayam Ras,2450.0,Ton,2020,5,train,0.30086226986716386,lap .bln 20 .xlsx,20,Daging ayam,
2020-06-01,Daging Ayam Ras,1341.3,Ton,2020,6,train,0.042484269401072,lap .bln 20 .xlsx,20,Daging ayam,
2020-07-01,Daging Ayam Ras,1354.68,Ton,2020,7,train,0.045602423677464476,lap .bln 20 .xlsx,20,Daging ayam,
2020-08-01,Daging Ayam Ras,1397.48,Ton,2020,8,train,0.0555767886273596,lap .bln 20 .xlsx,20,Daging ayam,
2020-09-01,Daging Ayam Ras,1579.31,Ton,2020,9,train,0.09795152645071077,lap .bln 20 .xlsx,20,Daging ayam,
2020-10-01,Daging Ayam Ras,1462.35,Ton,2020,10,train,0.07069447681193193,lap .bln 20 .xlsx,20,Daging ayam,
2020-11-01,Daging Ayam Ras,1323.35,Ton,2020,11,train,0.03830109531577719,lap .bln 20 .xlsx,20,Daging ayam,
2020-12-01,Daging Ayam Ras,2846.45,Ton,2020,12,train,0.3932533209042181,lap .bln 20 .xlsx,20,Daging ayam,
2021-01-01,Daging Ayam Ras,2466.0,Ton,2021,1,train,0.3045910044278723,lap .bln 21 .xlsx,21,Daging ayam,
2021-02-01,Daging Ayam Ras,1491.0,Ton,2021,2,train,0.07737124213470054,lap .bln 21 .xlsx,21,Daging ayam,
2021-03-01,Daging Ayam Ras,1325.0,Ton,2021,3,train,0.03868562106735027,lap .bln 21 .xlsx,21,Daging ayam,
2021-04-01,Daging Ayam Ras,1357.0,Ton,2021,4,train,0.04614309018876719,lap .bln 21 .xlsx,21,Daging ayam,
2021-05-01,Daging Ayam Ras,1988.0,Ton,2021,5,train,0.19319505942670706,lap .bln 21 .xlsx,21,Daging ayam,
2021-06-01,Daging Ayam Ras,1547.0,Ton,2021,6,train,0.09042181309718014,lap .bln 21 .xlsx,21,Daging ayam,
2021-07-01,Daging Ayam Ras,1653.0,Ton,2021,7,train,0.1151246795618737,lap .bln 21 .xlsx,21,Daging ayam,
2021-08-01,Daging Ayam Ras,1609.0,Ton,2021,8,train,0.10487065951992543,lap .bln 21 .xlsx,21,Daging ayam,
2021-09-01,Daging Ayam Ras,1506.0,Ton,2021,9,train,0.08086693078536472,lap .bln 21 .xlsx,21,Daging ayam,
2021-10-01,Daging Ayam Ras,1524.0,Ton,2021,10,train,0.08506175716616174,lap .bln 21 .xlsx,21,Daging ayam,
2021-11-01,Daging Ayam Ras,1453.0,Ton,2021,11,train,0.06851549755301795,lap .bln 21 .xlsx,21,Daging ayam,
2021-12-01,Daging Ayam Ras,1473.0,Ton,2021,12,train,0.07317641575390352,lap .bln 21 .xlsx,21,Daging ayam,
2022-01-01,Daging Ayam Ras,1461.0,Ton,2022,1,train,0.07037986483337218,lap .bln 22.xlsx,22,Daging ayam,
2022-02-01,Daging Ayam Ras,1317.0,Ton,2022,2,train,0.036821253786996036,lap .bln 22.xlsx,22,Daging ayam,
2022-03-01,Daging Ayam Ras,1475.0,Ton,2022,3,train,0.07364250757399207,lap .bln 22.xlsx,22,Daging ayam,
2022-04-01,Daging Ayam Ras,2029.0,Ton,2022,4,train,0.20274994173852248,lap .bln 22.xlsx,22,Daging ayam,
2022-05-01,Daging Ayam Ras,2230.0,Ton,2022,5,train,0.2495921696574225,lap .bln 22.xlsx,22,Daging ayam,
2022-06-01,Daging Ayam Ras,1338.0,Ton,2022,6,train,0.04171521789792589,lap .bln 22.xlsx,22,Daging ayam,
2022-07-01,Daging Ayam Ras,1902.0,Ton,2022,7,train,0.17315311116289908,lap .bln 22.xlsx,22,Daging ayam,
2022-08-01,Daging Ayam Ras,1364.0,Ton,2022,8,train,0.04777441155907714,lap .bln 22.xlsx,22,Daging ayam,
2022-09-01,Daging Ayam Ras,1324.0,Ton,2022,9,train,0.03845257515730599,lap .bln 22.xlsx,22,Daging ayam,
2022-10-01,Daging Ayam Ras,1331.0,Ton,2022,10,train,0.04008389652761594,lap .bln 22.xlsx,22,Daging ayam,
2022-11-01,Daging Ayam Ras,1322.0,Ton,2022,11,train,0.03798648333721743,lap .bln 22.xlsx,22,Daging ayam,
2022-12-01,Daging Ayam Ras,1473.0,Ton,2022,12,train,0.07317641575390352,lap .bln 22.xlsx,22,Daging ayam,
2023-01-01,Daging Ayam Ras,2009.5839999999998,Ton,2023,1,validation,0.19822512234910272,rekap ketersediaan 2023.xlsx,Sheet1,Daging Ayam Ras,
2023-02-01,Daging Ayam Ras,1685.5200000000004,Ton,2023,2,validation,0.12270333255651374,rekap ketersediaan 2023.xlsx,Sheet1,Daging Ayam Ras,
2023-03-01,Daging Ayam Ras,1475.018,Ton,2023,3,validation,0.07364670240037288,rekap ketersediaan 2023.xlsx,Sheet1,Daging Ayam Ras,
2023-04-01,Daging Ayam Ras,2029.6019999999999,Ton,2023,4,validation,0.2028902353763691,rekap ketersediaan 2023.xlsx,Sheet1,Daging Ayam Ras,
2023-05-01,Daging Ayam Ras,1750.58,Ton,2023,5,validation,0.1378652994639944,rekap ketersediaan 2023.xlsx,Sheet1,Daging Ayam Ras,
2023-06-01,Daging Ayam Ras,1734.1100000000001,Ton,2023,6,validation,0.13402703332556518,rekap ketersediaan 2023.xlsx,Sheet1,Daging Ayam Ras,
2023-07-01,Daging Ayam Ras,1777.2,Ton,2023,7,validation,0.14406898158937312,rekap ketersediaan 2023.xlsx,Sheet1,Daging Ayam Ras,
2023-08-01,Daging Ayam Ras,1862.91,Ton,2023,8,validation,0.16404334653926825,rekap ketersediaan 2023.xlsx,Sheet1,Daging Ayam Ras,
2023-09-01,Daging Ayam Ras,1814.78,Ton,2023,9,validation,0.1528268468888371,rekap ketersediaan 2023.xlsx,Sheet1,Daging Ayam Ras,
2023-10-01,Daging Ayam Ras,1875.63,Ton,2023,10,validation,0.16700769051503148,rekap ketersediaan 2023.xlsx,Sheet1,Daging Ayam Ras,
2023-11-01,Daging Ayam Ras,1778.4000000000003,Ton,2023,11,validation,0.1443486366814263,rekap ketersediaan 2023.xlsx,Sheet1,Daging Ayam Ras,
2023-12-01,Daging Ayam Ras,1894.6500000000003,Ton,2023,12,validation,0.17144022372407372,rekap ketersediaan 2023.xlsx,Sheet1,Daging Ayam Ras,
2024-01-01,Daging Ayam Ras,1992.2600000000007,Ton,2024,1,stress_test,0.19418783500349585,rekap ketersediaan 2024.xlsx,Sheet1,Daging Ayam Ras,
2024-02-01,Daging Ayam Ras,1917.14,Ton,2024,2,stress_test,0.1766814262409695,rekap ketersediaan 2024.xlsx,Sheet1,Daging Ayam Ras,
2024-03-01,Daging Ayam Ras,3784.3852142148307,Ton,2024,3,stress_test,0.6118352864634888,rekap ketersediaan 2024.xlsx,Sheet1,Daging Ayam Ras,
2024-04-01,Daging Ayam Ras,3180.896278395454,Ton,2024,4,stress_test,0.4711946582138089,rekap ketersediaan 2024.xlsx,Sheet1,Daging Ayam Ras,
2024-05-01,Daging Ayam Ras,3293.6362783954582,Ton,2024,5,stress_test,0.49746825411220186,rekap ketersediaan 2024.xlsx,Sheet1,Daging Ayam Ras,
2024-06-01,Daging Ayam Ras,2137.8144074277134,Ton,2024,6,stress_test,0.22810869434344289,rekap ketersediaan 2024.xlsx,Sheet1,Daging Ayam Ras,
2024-07-01,Daging Ayam Ras,2273.81483870968,Ton,2024,7,stress_test,0.25980303861796317,rekap ketersediaan 2024.xlsx,Sheet1,Daging Ayam Ras,
2024-08-01,Daging Ayam Ras,1775.8587096774252,Ton,2024,8,stress_test,0.14375639936551507,rekap ketersediaan 2024.xlsx,Sheet1,Daging Ayam Ras,
2024-09-01,Daging Ayam Ras,1699.3325806451676,Ton,2024,9,stress_test,0.1259222979830267,rekap ketersediaan 2024.xlsx,Sheet1,Daging Ayam Ras,
2024-10-01,Daging Ayam Ras,1641.729677419362,Ton,2024,10,stress_test,0.1124981769795763,rekap ketersediaan 2024.xlsx,Sheet1,Daging Ayam Ras,
2024-11-01,Daging Ayam Ras,1615.6761182795776,Ton,2024,11,stress_test,0.10642650157995284,rekap ketersediaan 2024.xlsx,Sheet1,Daging Ayam Ras,
2024-12-01,Daging Ayam Ras,2237.211612903232,Ton,2024,12,stress_test,0.25127280654934325,rekap ketersediaan 2024.xlsx,Sheet1,Daging Ayam Ras,
2019-01-01,Daging Sapi/Kerbau,438.14399999999995,Ton,2019,1,train,0.00010087383642024339,Ketersediaan bapok 12-19 .xlsx,2019,Daging Sapi,
2019-02-01,Daging Sapi/Kerbau,498.75,Ton,2019,2,train,0.04085793870367704,Ketersediaan bapok 12-19 .xlsx,2019,Daging Sapi,
2019-03-01,Daging Sapi/Kerbau,498.75,Ton,2019,3,train,0.04085793870367704,Ketersediaan bapok 12-19 .xlsx,2019,Daging Sapi,
2019-04-01,Daging Sapi/Kerbau,498.75,Ton,2019,4,train,0.04085793870367704,Ketersediaan bapok 12-19 .xlsx,2019,Daging Sapi,
2019-05-01,Daging Sapi/Kerbau,650.0,Ton,2019,5,train,0.1425723904274764,Ketersediaan bapok 12-19 .xlsx,2019,Daging Sapi,
2019-06-01,Daging Sapi/Kerbau,1925.0,Ton,2019,6,train,1.0,Ketersediaan bapok 12-19 .xlsx,2019,Daging Sapi,
2019-07-01,Daging Sapi/Kerbau,500.0,Ton,2019,7,train,0.04169855400717951,Ketersediaan bapok 12-19 .xlsx,2019,Daging Sapi,
2019-08-01,Daging Sapi/Kerbau,475.0,Ton,2019,8,train,0.02488624793713003,Ketersediaan bapok 12-19 .xlsx,2019,Daging Sapi,
2019-09-01,Daging Sapi/Kerbau,500.0,Ton,2019,9,train,0.04169855400717951,Ketersediaan bapok 12-19 .xlsx,2019,Daging Sapi,
2019-10-01,Daging Sapi/Kerbau,485.0,Ton,2019,10,train,0.03161117036514982,Ketersediaan bapok 12-19 .xlsx,2019,Daging Sapi,
2019-11-01,Daging Sapi/Kerbau,495.0,Ton,2019,11,train,0.038336092793169615,Ketersediaan bapok 12-19 .xlsx,2019,Daging Sapi,
2019-12-01,Daging Sapi/Kerbau,669.576,Ton,2019,12,train,0.15573709857256798,Ketersediaan bapok 12-19 .xlsx,2019,Daging Sapi,
2020-01-01,Daging Sapi/Kerbau,450.0,Ton,2020,1,train,0.008073941867080546,lap .bln 20 .xlsx,20,Daging Sapi,
2020-02-01,Daging Sapi/Kerbau,524.0,Ton,2020,2,train,0.057838367834427015,lap .bln 20 .xlsx,20,Daging Sapi,
2020-03-01,Daging Sapi/Kerbau,498.75,Ton,2020,3,train,0.04085793870367704,lap .bln 20 .xlsx,20,Daging Sapi,
2020-04-01,Daging Sapi/Kerbau,498.75,Ton,2020,4,train,0.04085793870367704,lap .bln 20 .xlsx,20,Daging Sapi,
2020-05-01,Daging Sapi/Kerbau,650.0,Ton,2020,5,train,0.1425723904274764,lap .bln 20 .xlsx,20,Daging Sapi,
2020-06-01,Daging Sapi/Kerbau,473.39,Ton,2020,6,train,0.02380353542621883,lap .bln 20 .xlsx,20,Daging Sapi,
2020-07-01,Daging Sapi/Kerbau,461.58,Ton,2020,7,train,0.015861402038727455,lap .bln 20 .xlsx,20,Daging Sapi,
2020-08-01,Daging Sapi/Kerbau,489.811,Ton,2020,8,train,0.03484653054527013,lap .bln 20 .xlsx,20,Daging Sapi,
2020-09-01,Daging Sapi/Kerbau,437.994,Ton,2020,9,train,0.0,lap .bln 20 .xlsx,20,Daging Sapi,
2020-10-01,Daging Sapi/Kerbau,468.788,Ton,2020,10,train,0.02070872612484414,lap .bln 20 .xlsx,20,Daging Sapi,
2020-11-01,Daging Sapi/Kerbau,480.582,Ton,2020,11,train,0.028640099636450672,lap .bln 20 .xlsx,20,Daging Sapi,
2020-12-01,Daging Sapi/Kerbau,533.762,Ton,2020,12,train,0.0644032371086599,lap .bln 20 .xlsx,20,Daging Sapi,
2021-01-01,Daging Sapi/Kerbau,538.0,Ton,2021,1,train,0.06725325923365473,lap .bln 21 .xlsx,21,Daging Sapi,
2021-02-01,Daging Sapi/Kerbau,468.0,Ton,2021,2,train,0.020178802237516173,lap .bln 21 .xlsx,21,Daging Sapi,
2021-03-01,Daging Sapi/Kerbau,535.0,Ton,2021,3,train,0.0652357825052488,lap .bln 21 .xlsx,21,Daging Sapi,
2021-04-01,Daging Sapi/Kerbau,546.0,Ton,2021,4,train,0.07263319717607056,lap .bln 21 .xlsx,21,Daging Sapi,
2021-05-01,Daging Sapi/Kerbau,626.0,Ton,2021,5,train,0.1264325766002289,lap .bln 21 .xlsx,21,Daging Sapi,
2021-06-01,Daging Sapi/Kerbau,558.0,Ton,2021,6,train,0.08070310408969432,lap .bln 21 .xlsx,21,Daging Sapi,
2021-07-01,Daging Sapi/Kerbau,551.0,Ton,2021,7,train,0.07599565839008046,lap .bln 21 .xlsx,21,Daging Sapi,
2021-08-01,Daging Sapi/Kerbau,528.0,Ton,2021,8,train,0.060528336805634936,lap .bln 21 .xlsx,21,Daging Sapi,
2021-09-01,Daging Sapi/Kerbau,485.0,Ton,2021,9,train,0.03161117036514982,lap .bln 21 .xlsx,21,Daging Sapi,
2021-10-01,Daging Sapi/Kerbau,516.0,Ton,2021,10,train,0.05245842989201118,lap .bln 21 .xlsx,21,Daging Sapi,
2021-11-01,Daging Sapi/Kerbau,449.0,Ton,2021,11,train,0.0074014496242785655,lap .bln 21 .xlsx,21,Daging Sapi,
2021-12-01,Daging Sapi/Kerbau,497.0,Ton,2021,12,train,0.039681077278773576,lap .bln 21 .xlsx,21,Daging Sapi,
2022-01-01,Daging Sapi/Kerbau,508.0,Ton,2022,1,train,0.04707849194959535,lap .bln 22.xlsx,22,Daging Sapi,
2022-02-01,Daging Sapi/Kerbau,459.0,Ton,2022,2,train,0.01412637205229836,lap .bln 22.xlsx,22,Daging Sapi,
2022-03-01,Daging Sapi/Kerbau,539.0,Ton,2022,3,train,0.0679257514764567,lap .bln 22.xlsx,22,Daging Sapi,
2022-04-01,Daging Sapi/Kerbau,593.0,Ton,2022,4,train,0.10424033258776359,lap .bln 22.xlsx,22,Daging Sapi,
2022-05-01,Daging Sapi/Kerbau,528.0,Ton,2022,5,train,0.060528336805634936,lap .bln 22.xlsx,22,Daging Sapi,
2022-06-01,Daging Sapi/Kerbau,479.0,Ton,2022,6,train,0.027576216908337947,lap .bln 22.xlsx,22,Daging Sapi,
2022-07-01,Daging Sapi/Kerbau,478.0,Ton,2022,7,train,0.026903724665535967,lap .bln 22.xlsx,22,Daging Sapi,
2022-08-01,Daging Sapi/Kerbau,471.0,Ton,2022,8,train,0.022196278965922113,lap .bln 22.xlsx,22,Daging Sapi,
2022-09-01,Daging Sapi/Kerbau,444.0,Ton,2022,9,train,0.004038988410268669,lap .bln 22.xlsx,22,Daging Sapi,
2022-10-01,Daging Sapi/Kerbau,456.0,Ton,2022,10,train,0.012108895323892421,lap .bln 22.xlsx,22,Daging Sapi,
2022-11-01,Daging Sapi/Kerbau,450.0,Ton,2022,11,train,0.008073941867080546,lap .bln 22.xlsx,22,Daging Sapi,
2022-12-01,Daging Sapi/Kerbau,497.0,Ton,2022,12,train,0.039681077278773576,lap .bln 22.xlsx,22,Daging Sapi,
2023-01-01,Daging Sapi/Kerbau,448.18000000000006,Ton,2023,1,validation,0.0068500059851809856,rekap ketersediaan 2023.xlsx,Sheet1,Daging Sapi/ Kerbau,
2023-02-01,Daging Sapi/Kerbau,413.7200000000001,Ton,2023,2,validation,-0.016324076701775207,rekap ketersediaan 2023.xlsx,Sheet1,Daging Sapi/ Kerbau,
2023-03-01,Daging Sapi/Kerbau,539.421,Ton,2023,3,validation,0.06820887071067637,rekap ketersediaan 2023.xlsx,Sheet1,Daging Sapi/ Kerbau,
2023-04-01,Daging Sapi/Kerbau,592.664,Ton,2023,4,validation,0.10401437519418212,rekap ketersediaan 2023.xlsx,Sheet1,Daging Sapi/ Kerbau,
2023-05-01,Daging Sapi/Kerbau,462.42,Ton,2023,5,validation,0.01642629552268114,rekap ketersediaan 2023.xlsx,Sheet1,Daging Sapi/ Kerbau,
2023-06-01,Daging Sapi/Kerbau,411.56000000000006,Ton,2023,6,validation,-0.017776659946227503,rekap ketersediaan 2023.xlsx,Sheet1,Daging Sapi/ Kerbau,
2023-07-01,Daging Sapi/Kerbau,395.47999999999996,Ton,2023,7,validation,-0.028590335210483396,rekap ketersediaan 2023.xlsx,Sheet1,Daging Sapi/ Kerbau,
2023-08-01,Daging Sapi/Kerbau,415.53,Ton,2023,8,validation,-0.015106865742303702,rekap ketersediaan 2023.xlsx,Sheet1,Daging Sapi/ Kerbau,
2023-09-01,Daging Sapi/Kerbau,425.05999999999995,Ton,2023,9,validation,-0.008698014668400856,rekap ketersediaan 2023.xlsx,Sheet1,Daging Sapi/ Kerbau,
2023-10-01,Daging Sapi/Kerbau,537.8,Ton,2023,10,validation,0.0671187607850943,rekap ketersediaan 2023.xlsx,Sheet1,Daging Sapi/ Kerbau,
2023-11-01,Daging Sapi/Kerbau,514.75,Ton,2023,11,validation,0.051617814588508705,rekap ketersediaan 2023.xlsx,Sheet1,Daging Sapi/ Kerbau,
2023-12-01,Daging Sapi/Kerbau,968.4300000000001,Ton,2023,12,validation,0.35671409530291076,rekap ketersediaan 2023.xlsx,Sheet1,Daging Sapi/ Kerbau,
2024-01-01,Daging Sapi/Kerbau,1215.5399999999993,Ton,2024,1,stress_test,0.5228936534217073,rekap ketersediaan 2024.xlsx,Sheet1,Daging Sapi/ Kerbau,
2024-02-01,Daging Sapi/Kerbau,1058.1000000000001,Ton,2024,2,stress_test,0.4170164747149643,rekap ketersediaan 2024.xlsx,Sheet1,Daging Sapi/ Kerbau,
2024-03-01,Daging Sapi/Kerbau,1986.5877657096514,Ton,2024,3,stress_test,1.0414172946912466,rekap ketersediaan 2024.xlsx,Sheet1,Daging Sapi/ Kerbau,
2024-04-01,Daging Sapi/Kerbau,2285.5930559346016,Ton,2024,4,stress_test,1.2424960329242798,rekap ketersediaan 2024.xlsx,Sheet1,Daging Sapi/ Kerbau,
2024-05-01,Daging Sapi/Kerbau,2615.4030559345974,Ton,2024,5,stress_test,1.4642906995227978,rekap ketersediaan 2024.xlsx,Sheet1,Daging Sapi/ Kerbau,
2024-06-01,Daging Sapi/Kerbau,914.6760021711647,Ton,2024,6,stress_test,0.3205649487434245,rekap ketersediaan 2024.xlsx,Sheet1,Daging Sapi/ Kerbau,
2024-07-01,Daging Sapi/Kerbau,783.3854838709688,Ton,2024,7,stress_test,0.23227309363309143,rekap ketersediaan 2024.xlsx,Sheet1,Daging Sapi/ Kerbau,
2024-08-01,Daging Sapi/Kerbau,629.0758709677439,Ton,2024,8,stress_test,0.12850107596589647,rekap ketersediaan 2024.xlsx,Sheet1,Daging Sapi/ Kerbau,
2024-09-01,Daging Sapi/Kerbau,500.0542580645187,Ton,2024,9,stress_test,0.04173504213467779,rekap ketersediaan 2024.xlsx,Sheet1,Daging Sapi/ Kerbau,
2024-10-01,Daging Sapi/Kerbau,430.71296774193854,Ton,2024,10,stress_test,-0.004896437713137329,rekap ketersediaan 2024.xlsx,Sheet1,Daging Sapi/ Kerbau,
2024-11-01,Daging Sapi/Kerbau,382.1819784946266,Ton,2024,11,stress_test,-0.037533151517460873,rekap ketersediaan 2024.xlsx,Sheet1,Daging Sapi/ Kerbau,
2024-12-01,Daging Sapi/Kerbau,427.0236129032285,Ton,2024,12,stress_test,-0.007377500223113763,rekap ketersediaan 2024.xlsx,Sheet1,Daging Sapi/ Kerbau,
2019-01-01,Telur Ayam Ras,1905.0,Ton,2019,1,train,0.21835038363171355,Ketersediaan bapok 12-19 .xlsx,2019,Telur Ayam Ras,
2019-02-01,Telur Ayam Ras,1890.0,Ton,2019,2,train,0.21355498721227623,Ketersediaan bapok 12-19 .xlsx,2019,Telur Ayam Ras,
2019-03-01,Telur Ayam Ras,1890.0,Ton,2019,3,train,0.21355498721227623,Ketersediaan bapok 12-19 .xlsx,2019,Telur Ayam Ras,
2019-04-01,Telur Ayam Ras,1890.0,Ton,2019,4,train,0.21355498721227623,Ketersediaan bapok 12-19 .xlsx,2019,Telur Ayam Ras,
2019-05-01,Telur Ayam Ras,2720.0,Ton,2019,5,train,0.4789002557544757,Ketersediaan bapok 12-19 .xlsx,2019,Telur Ayam Ras,
2019-06-01,Telur Ayam Ras,4350.0,Ton,2019,6,train,1.0,Ketersediaan bapok 12-19 .xlsx,2019,Telur Ayam Ras,
2019-07-01,Telur Ayam Ras,1920.0,Ton,2019,7,train,0.2231457800511509,Ketersediaan bapok 12-19 .xlsx,2019,Telur Ayam Ras,
2019-08-01,Telur Ayam Ras,2750.0,Ton,2019,8,train,0.4884910485933504,Ketersediaan bapok 12-19 .xlsx,2019,Telur Ayam Ras,
2019-09-01,Telur Ayam Ras,1800.0,Ton,2019,9,train,0.18478260869565216,Ketersediaan bapok 12-19 .xlsx,2019,Telur Ayam Ras,
2019-10-01,Telur Ayam Ras,1850.0,Ton,2019,10,train,0.20076726342711,Ketersediaan bapok 12-19 .xlsx,2019,Telur Ayam Ras,
2019-11-01,Telur Ayam Ras,1800.0,Ton,2019,11,train,0.18478260869565216,Ketersediaan bapok 12-19 .xlsx,2019,Telur Ayam Ras,
2019-12-01,Telur Ayam Ras,2300.0,Ton,2019,12,train,0.3446291560102302,Ketersediaan bapok 12-19 .xlsx,2019,Telur Ayam Ras,
2020-01-01,Telur Ayam Ras,1378.5865,Ton,2020,1,train,0.0500596227621483,lap .bln 20 .xlsx,20,Telur Ayam Ras,
2020-02-01,Telur Ayam Ras,1890.0,Ton,2020,2,train,0.21355498721227623,lap .bln 20 .xlsx,20,Telur Ayam Ras,
2020-03-01,Telur Ayam Ras,1390.0,Ton,2020,3,train,0.05370843989769821,lap .bln 20 .xlsx,20,Telur Ayam Ras,
2020-04-01,Telur Ayam Ras,1390.0,Ton,2020,4,train,0.05370843989769821,lap .bln 20 .xlsx,20,Telur Ayam Ras,
2020-05-01,Telur Ayam Ras,2200.0,Ton,2020,5,train,0.3126598465473146,lap .bln 20 .xlsx,20,Telur Ayam Ras,
2020-06-01,Telur Ayam Ras,1376.324,Ton,2020,6,train,0.049336317135549895,lap .bln 20 .xlsx,20,Telur Ayam Ras,
2020-07-01,Telur Ayam Ras,1246.23,Ton,2020,7,train,0.007746163682864456,lap .bln 20 .xlsx,20,Telur Ayam Ras,
2020-08-01,Telur Ayam Ras,1306.07,Ton,2020,8,train,0.026876598465473127,lap .bln 20 .xlsx,20,Telur Ayam Ras,
2020-09-01,Telur Ayam Ras,1437.3,Ton,2020,9,train,0.06882992327365728,lap .bln 20 .xlsx,20,Telur Ayam Ras,
2020-10-01,Telur Ayam Ras,1489.9,Ton,2020,10,train,0.08564578005115092,lap .bln 20 .xlsx,20,Telur Ayam Ras,
2020-11-01,Telur Ayam Ras,1350.33,Ton,2020,11,train,0.04102621483375957,lap .bln 20 .xlsx,20,Telur Ayam Ras,
2020-12-01,Telur Ayam Ras,1363.09,Ton,2020,12,train,0.04510549872122759,lap .bln 20 .xlsx,20,Telur Ayam Ras,
2021-01-01,Telur Ayam Ras,1252.0,Ton,2021,1,train,0.00959079283887468,lap .bln 21 .xlsx,21,Telur Ayam Ras,
2021-02-01,Telur Ayam Ras,1222.0,Ton,2021,2,train,0.0,lap .bln 21 .xlsx,21,Telur Ayam Ras,
2021-03-01,Telur Ayam Ras,1373.0,Ton,2021,3,train,0.048273657289002556,lap .bln 21 .xlsx,21,Telur Ayam Ras,
2021-04-01,Telur Ayam Ras,1332.0,Ton,2021,4,train,0.03516624040920716,lap .bln 21 .xlsx,21,Telur Ayam Ras,
2021-05-01,Telur Ayam Ras,1894.0,Ton,2021,5,train,0.21483375959079284,lap .bln 21 .xlsx,21,Telur Ayam Ras,
2021-06-01,Telur Ayam Ras,1545.0,Ton,2021,6,train,0.10326086956521739,lap .bln 21 .xlsx,21,Telur Ayam Ras,
2021-07-01,Telur Ayam Ras,1727.0,Ton,2021,7,train,0.16144501278772377,lap .bln 21 .xlsx,21,Telur Ayam Ras,
2021-08-01,Telur Ayam Ras,1792.0,Ton,2021,8,train,0.18222506393861893,lap .bln 21 .xlsx,21,Telur Ayam Ras,
2021-09-01,Telur Ayam Ras,1584.0,Ton,2021,9,train,0.11572890025575447,lap .bln 21 .xlsx,21,Telur Ayam Ras,
2021-10-01,Telur Ayam Ras,1639.0,Ton,2021,10,train,0.13331202046035806,lap .bln 21 .xlsx,21,Telur Ayam Ras,
2021-11-01,Telur Ayam Ras,1471.0,Ton,2021,11,train,0.07960358056265984,lap .bln 21 .xlsx,21,Telur Ayam Ras,
2021-12-01,Telur Ayam Ras,1663.0,Ton,2021,12,train,0.1409846547314578,lap .bln 21 .xlsx,21,Telur Ayam Ras,
2022-01-01,Telur Ayam Ras,1411.0,Ton,2022,1,train,0.060421994884910485,lap .bln 22.xlsx,22,Telur Ayam Ras,
2022-02-01,Telur Ayam Ras,1349.0,Ton,2022,2,train,0.04060102301790281,lap .bln 22.xlsx,22,Telur Ayam Ras,
2022-03-01,Telur Ayam Ras,1496.0,Ton,2022,3,train,0.08759590792838874,lap .bln 22.xlsx,22,Telur Ayam Ras,
2022-04-01,Telur Ayam Ras,1882.0,Ton,2022,4,train,0.21099744245524296,lap .bln 22.xlsx,22,Telur Ayam Ras,
2022-05-01,Telur Ayam Ras,2231.0,Ton,2022,5,train,0.3225703324808184,lap .bln 22.xlsx,22,Telur Ayam Ras,
2022-06-01,Telur Ayam Ras,1548.0,Ton,2022,6,train,0.10421994884910486,lap .bln 22.xlsx,22,Telur Ayam Ras,
2022-07-01,Telur Ayam Ras,1920.0,Ton,2022,7,train,0.2231457800511509,lap .bln 22.xlsx,22,Telur Ayam Ras,
2022-08-01,Telur Ayam Ras,1496.0,Ton,2022,8,train,0.08759590792838874,lap .bln 22.xlsx,22,Telur Ayam Ras,
2022-09-01,Telur Ayam Ras,1456.0,Ton,2022,9,train,0.0748081841432225,lap .bln 22.xlsx,22,Telur Ayam Ras,
2022-10-01,Telur Ayam Ras,1486.0,Ton,2022,10,train,0.08439897698209718,lap .bln 22.xlsx,22,Telur Ayam Ras,
2022-11-01,Telur Ayam Ras,1445.0,Ton,2022,11,train,0.0712915601023018,lap .bln 22.xlsx,22,Telur Ayam Ras,
2022-12-01,Telur Ayam Ras,1663.0,Ton,2022,12,train,0.1409846547314578,lap .bln 22.xlsx,22,Telur Ayam Ras,
2023-01-01,Telur Ayam Ras,1677.8500000000004,Ton,2023,1,validation,0.14573209718670088,rekap ketersediaan 2023.xlsx,Sheet1,Telur Ayam Ras,
2023-02-01,Telur Ayam Ras,1619.8000000000002,Ton,2023,2,validation,0.12717391304347833,rekap ketersediaan 2023.xlsx,Sheet1,Telur Ayam Ras,
2023-03-01,Telur Ayam Ras,1495.6640000000002,Ton,2023,3,validation,0.08748849104859342,rekap ketersediaan 2023.xlsx,Sheet1,Telur Ayam Ras,
2023-04-01,Telur Ayam Ras,1882.0100000000002,Ton,2023,4,validation,0.21100063938618932,rekap ketersediaan 2023.xlsx,Sheet1,Telur Ayam Ras,
2023-05-01,Telur Ayam Ras,1755.8000000000002,Ton,2023,5,validation,0.17065217391304355,rekap ketersediaan 2023.xlsx,Sheet1,Telur Ayam Ras,
2023-06-01,Telur Ayam Ras,1689.5100000000002,Ton,2023,6,validation,0.1494597186700768,rekap ketersediaan 2023.xlsx,Sheet1,Telur Ayam Ras,
2023-07-01,Telur Ayam Ras,1592.7599999999998,Ton,2023,7,validation,0.1185294117647058,rekap ketersediaan 2023.xlsx,Sheet1,Telur Ayam Ras,
2023-08-01,Telur Ayam Ras,1807.1399999999999,Ton,2023,8,validation,0.1870652173913043,rekap ketersediaan 2023.xlsx,Sheet1,Telur Ayam Ras,
2023-09-01,Telur Ayam Ras,1763.74,Ton,2023,9,validation,0.173190537084399,rekap ketersediaan 2023.xlsx,Sheet1,Telur Ayam Ras,
2023-10-01,Telur Ayam Ras,1839.96,Ton,2023,10,validation,0.19755754475703327,rekap ketersediaan 2023.xlsx,Sheet1,Telur Ayam Ras,
2023-11-01,Telur Ayam Ras,1767.6100000000001,Ton,2023,11,validation,0.17442774936061387,rekap ketersediaan 2023.xlsx,Sheet1,Telur Ayam Ras,
2023-12-01,Telur Ayam Ras,1885.28,Ton,2023,12,validation,0.2120460358056266,rekap ketersediaan 2023.xlsx,Sheet1,Telur Ayam Ras,
2024-01-01,Telur Ayam Ras,2110.26,Ton,2024,1,stress_test,0.2839705882352942,rekap ketersediaan 2024.xlsx,Sheet1,Telur Ayam Ras,
2024-02-01,Telur Ayam Ras,2620.57,Ton,2024,2,stress_test,0.4471131713554988,rekap ketersediaan 2024.xlsx,Sheet1,Telur Ayam Ras,
2024-03-01,Telur Ayam Ras,5770.71883711488,Ton,2024,3,stress_test,1.454194001635192,rekap ketersediaan 2024.xlsx,Sheet1,Telur Ayam Ras,
2024-04-01,Telur Ayam Ras,6850.036992914805,Ton,2024,4,stress_test,1.7992445629523033,rekap ketersediaan 2024.xlsx,Sheet1,Telur Ayam Ras,
2024-05-01,Telur Ayam Ras,9015.246992914797,Ton,2024,5,stress_test,2.4914472483742958,rekap ketersediaan 2024.xlsx,Sheet1,Telur Ayam Ras,
2024-06-01,Telur Ayam Ras,2121.9730036674923,Ton,2024,6,stress_test,0.2877151546251574,rekap ketersediaan 2024.xlsx,Sheet1,Telur Ayam Ras,
2024-07-01,Telur Ayam Ras,2158.2629032258087,Ton,2024,7,stress_test,0.2993167849187368,rekap ketersediaan 2024.xlsx,Sheet1,Telur Ayam Ras,
2024-08-01,Telur Ayam Ras,3177.3032258064563,Ton,2024,8,stress_test,0.6250969391964375,rekap ketersediaan 2024.xlsx,Sheet1,Telur Ayam Ras,
2024-09-01,Telur Ayam Ras,5055.3035483870935,Ton,2024,9,stress_test,1.2254806740367945,rekap ketersediaan 2024.xlsx,Sheet1,Telur Ayam Ras,
2024-10-01,Telur Ayam Ras,6601.9958064515995,Ton,2024,10,stress_test,1.7199475084563938,rekap ketersediaan 2024.xlsx,Sheet1,Telur Ayam Ras,
2024-11-01,Telur Ayam Ras,7049.1592043010605,Ton,2024,11,stress_test,1.8629025589197763,rekap ketersediaan 2024.xlsx,Sheet1,Telur Ayam Ras,
2024-12-01,Telur Ayam Ras,9329.1651612903,Ton,2024,12,stress_test,2.591804719082577,rekap ketersediaan 2024.xlsx,Sheet1,Telur Ayam Ras,
2019-01-01,Gula Pasir,911.904,Ton,2019,1,train,0.00025322826686055864,Ketersediaan bapok 12-19 .xlsx,2019,Gula,
2019-02-01,Gula Pasir,997.5,Ton,2019,2,train,0.0020740722462117334,Ketersediaan bapok 12-19 .xlsx,2019,Gula,
2019-03-01,Gula Pasir,971.25,Ton,2019,3,train,0.0015156681799239592,Ketersediaan bapok 12-19 .xlsx,2019,Gula,
2019-04-01,Gula Pasir,971.25,Ton,2019,4,train,0.0015156681799239592,Ketersediaan bapok 12-19 .xlsx,2019,Gula,
2019-05-01,Gula Pasir,1300.0,Ton,2019,5,train,0.008509014343432753,Ketersediaan bapok 12-19 .xlsx,2019,Gula,
2019-06-01,Gula Pasir,2200.0,Ton,2019,6,train,0.027654296616156447,Ketersediaan bapok 12-19 .xlsx,2019,Gula,
2019-07-01,Gula Pasir,1000.0,Ton,2019,7,train,0.0021272535858581883,Ketersediaan bapok 12-19 .xlsx,2019,Gula,
2019-08-01,Gula Pasir,950.0,Ton,2019,8,train,0.0010636267929290942,Ketersediaan bapok 12-19 .xlsx,2019,Gula,
2019-09-01,Gula Pasir,1000.0,Ton,2019,9,train,0.0021272535858581883,Ketersediaan bapok 12-19 .xlsx,2019,Gula,
2019-10-01,Gula Pasir,900.0,Ton,2019,10,train,0.0,Ketersediaan bapok 12-19 .xlsx,2019,Gula,
2019-11-01,Gula Pasir,900.0,Ton,2019,11,train,0.0,Ketersediaan bapok 12-19 .xlsx,2019,Gula,
2019-12-01,Gula Pasir,1010.0,Ton,2019,12,train,0.0023399789444440073,Ketersediaan bapok 12-19 .xlsx,2019,Gula,
2020-01-01,Gula Pasir,11500.0,Ton,2020,1,train,0.22548888010096796,lap .bln 20 .xlsx,20,Gula,
2020-02-01,Gula Pasir,11500.0,Ton,2020,2,train,0.22548888010096796,lap .bln 20 .xlsx,20,Gula,
2020-03-01,Gula Pasir,13000.0,Ton,2020,3,train,0.25739768388884077,lap .bln 20 .xlsx,20,Gula,
2020-04-01,Gula Pasir,12971.25,Ton,2020,4,train,0.25678609848290657,lap .bln 20 .xlsx,20,Gula,
2020-05-01,Gula Pasir,13000.0,Ton,2020,5,train,0.25739768388884077,lap .bln 20 .xlsx,20,Gula,
2020-06-01,Gula Pasir,33094.8,Ton,2020,6,train,0.684865037459872,lap .bln 20 .xlsx,20,Gula,
2020-07-01,Gula Pasir,44818.0,Ton,2020,7,train,0.9342472298371991,lap .bln 20 .xlsx,20,Gula,
2020-08-01,Gula Pasir,47908.97,Ton,2020,8,train,1.0,lap .bln 20 .xlsx,20,Gula,
2020-09-01,Gula Pasir,14217.81,Ton,2020,9,train,0.2833035907827804,lap .bln 20 .xlsx,20,Gula,
2020-10-01,Gula Pasir,14034.03,Ton,2020,10,train,0.2793941241426902,lap .bln 20 .xlsx,20,Gula,
2020-11-01,Gula Pasir,13438.84,Ton,2020,11,train,0.26673292352502087,lap .bln 20 .xlsx,20,Gula,
2020-12-01,Gula Pasir,15471.765,Ton,2020,12,train,0.3099783934853284,lap .bln 20 .xlsx,20,Gula,
2021-01-01,Gula Pasir,13524.0,Ton,2021,1,train,0.2685444926787377,lap .bln 21 .xlsx,21,Gula,
2021-02-01,Gula Pasir,16570.0,Ton,2021,2,train,0.3333406369039781,lap .bln 21 .xlsx,21,Gula,
2021-03-01,Gula Pasir,18227.0,Ton,2021,3,train,0.3685892288216483,lap .bln 21 .xlsx,21,Gula,
2021-04-01,Gula Pasir,12554.0,Ton,2021,4,train,0.24791013289591327,lap .bln 21 .xlsx,21,Gula,
2021-05-01,Gula Pasir,19998.0,Ton,2021,5,train,0.4062628898271968,lap .bln 21 .xlsx,21,Gula,
2021-06-01,Gula Pasir,18311.0,Ton,2021,6,train,0.37037612183376917,lap .bln 21 .xlsx,21,Gula,
2021-07-01,Gula Pasir,9090.0,Ton,2021,7,train,0.1742220686817856,lap .bln 21 .xlsx,21,Gula,
2021-08-01,Gula Pasir,7792.0,Ton,2021,8,train,0.14661031713734635,lap .bln 21 .xlsx,21,Gula,
2021-09-01,Gula Pasir,15415.0,Ton,2021,9,train,0.308770857987316,lap .bln 21 .xlsx,21,Gula,
2021-10-01,Gula Pasir,17295.0,Ton,2021,10,train,0.34876322540145,lap .bln 21 .xlsx,21,Gula,
2021-11-01,Gula Pasir,10389.0,Ton,2021,11,train,0.2018550927620835,lap .bln 21 .xlsx,21,Gula,
2021-12-01,Gula Pasir,10986.0,Ton,2021,12,train,0.21455479666965688,lap .bln 21 .xlsx,21,Gula,
2022-01-01,Gula Pasir,4221.0,Ton,2022,1,train,0.07064609158635043,lap .bln 22.xlsx,22,Gula,
2022-02-01,Gula Pasir,2697.0,Ton,2022,2,train,0.03822674693787164,lap .bln 22.xlsx,22,Gula,
2022-03-01,Gula Pasir,2261.0,Ton,2022,3,train,0.028951921303529943,lap .bln 22.xlsx,22,Gula,
2022-04-01,Gula Pasir,3091.0,Ton,2022,4,train,0.0466081260661529,lap .bln 22.xlsx,22,Gula,
2022-05-01,Gula Pasir,3828.0,Ton,2022,5,train,0.062285984993927755,lap .bln 22.xlsx,22,Gula,
2022-06-01,Gula Pasir,2390.0,Ton,2022,6,train,0.031696078429287004,lap .bln 22.xlsx,22,Gula,
2022-07-01,Gula Pasir,3450.0,Ton,2022,7,train,0.0542449664393838,lap .bln 22.xlsx,22,Gula,
2022-08-01,Gula Pasir,3230.0,Ton,2022,8,train,0.04956500855049579,lap .bln 22.xlsx,22,Gula,
2022-09-01,Gula Pasir,2152.0,Ton,2022,9,train,0.026633214894944517,lap .bln 22.xlsx,22,Gula,
2022-10-01,Gula Pasir,2326.0,Ton,2022,10,train,0.030334636134337765,lap .bln 22.xlsx,22,Gula,
2022-11-01,Gula Pasir,1716.0,Ton,2022,11,train,0.017358389260602815,lap .bln 22.xlsx,22,Gula,
2022-12-01,Gula Pasir,1977.0,Ton,2022,12,train,0.02291052111969269,lap .bln 22.xlsx,22,Gula,
2023-01-01,Gula Pasir,1959.25,Ton,2023,1,validation,0.02253293360820286,rekap ketersediaan 2023.xlsx,Sheet1,Gula Pasir,
2023-02-01,Gula Pasir,1937.8700000000001,Ton,2023,2,validation,0.02207812679154638,rekap ketersediaan 2023.xlsx,Sheet1,Gula Pasir,
2023-03-01,Gula Pasir,2661.88,Ton,2023,3,validation,0.03747965547851825,rekap ketersediaan 2023.xlsx,Sheet1,Gula Pasir,
2023-04-01,Gula Pasir,3091.14,Ton,2023,4,validation,0.0466111042211731,rekap ketersediaan 2023.xlsx,Sheet1,Gula Pasir,
2023-05-01,Gula Pasir,34374.95,Ton,2023,5,validation,0.7120970742392355,rekap ketersediaan 2023.xlsx,Sheet1,Gula Pasir,
2023-06-01,Gula Pasir,2434.5699999999997,Ton,2023,6,validation,0.03264419535250399,rekap ketersediaan 2023.xlsx,Sheet1,Gula Pasir,
2023-07-01,Gula Pasir,2301.6899999999996,Ton,2023,7,validation,0.02981750078761563,rekap ketersediaan 2023.xlsx,Sheet1,Gula Pasir,
2023-08-01,Gula Pasir,2319.58,Ton,2023,8,validation,0.030198066454125667,rekap ketersediaan 2023.xlsx,Sheet1,Gula Pasir,
2023-09-01,Gula Pasir,2228.8,Ton,2023,9,validation,0.028266945648883608,rekap ketersediaan 2023.xlsx,Sheet1,Gula Pasir,
2023-10-01,Gula Pasir,6588.5,Ton,2023,10,validation,0.12100882023154304,rekap ketersediaan 2023.xlsx,Sheet1,Gula Pasir,
2023-11-01,Gula Pasir,6375.63,Ton,2023,11,validation,0.11648053552332671,rekap ketersediaan 2023.xlsx,Sheet1,Gula Pasir,
2023-12-01,Gula Pasir,6589.07,Ton,2023,12,validation,0.12102094557698242,rekap ketersediaan 2023.xlsx,Sheet1,Gula Pasir,
2024-01-01,Gula Pasir,89734.83,Ton,2024,1,stress_test,1.8897421066660256,rekap ketersediaan 2024.xlsx,Sheet1,Gula Pasir,
2024-02-01,Gula Pasir,3423.8500000000013,Ton,2024,2,stress_test,0.05368868962668191,rekap ketersediaan 2024.xlsx,Sheet1,Gula Pasir,
2024-03-01,Gula Pasir,5239.205687837661,Ton,2024,3,stress_test,0.0923059085922891,rekap ketersediaan 2024.xlsx,Sheet1,Gula Pasir,
2024-04-01,Gula Pasir,6467.859743594636,Ton,2024,4,stress_test,0.11844249605117142,rekap ketersediaan 2024.xlsx,Sheet1,Gula Pasir,
2024-05-01,Gula Pasir,7751.88974359464,Ton,2024,5,stress_test,0.14575707026966642,rekap ketersediaan 2024.xlsx,Sheet1,Gula Pasir,
2024-06-01,Gula Pasir,6482.860012411848,Ton,2024,6,stress_test,0.11876158980747394,rekap ketersediaan 2024.xlsx,Sheet1,Gula Pasir,
2024-07-01,Gula Pasir,2529.2916790785116,Ton,2024,7,stress_test,0.034659165667286725,rekap ketersediaan 2024.xlsx,Sheet1,Gula Pasir,
2024-08-01,Gula Pasir,1575.829743594644,Ton,2024,8,stress_test,0.014376612454913264,rekap ketersediaan 2024.xlsx,Sheet1,Gula Pasir,
2024-09-01,Gula Pasir,1090.8678081107746,Ton,2024,9,stress_test,0.0040602422922853786,rekap ketersediaan 2024.xlsx,Sheet1,Gula Pasir,
2024-10-01,Gula Pasir,723.9942597236783,Ton,2024,10,stress_test,-0.003744088421344303,rekap ketersediaan 2024.xlsx,Sheet1,Gula Pasir,
2024-11-01,Gula Pasir,585.8462059602372,Ton,2024,11,stress_test,-0.006682847848820402,rekap ketersediaan 2024.xlsx,Sheet1,Gula Pasir,
2024-12-01,Gula Pasir,379.42942101400024,Ton,2024,12,stress_test,-0.011073856308402413,rekap ketersediaan 2024.xlsx,Sheet1,Gula Pasir,
2025-01-01,Bawang Merah,390.5,Ton,2025,1,external_2025,0.046875,rekap ketersediaan 2025(2).xlsx,Sheet2,Bawang Merah,Nilai kanonik dari Sheet2 rekap.
2025-02-01,Bawang Merah,9682.995086875024,Ton,2025,2,external_2025,3.8181798242187597,rekap ketersediaan 2025(2).xlsx,Sheet2,Bawang Merah,Nilai kanonik dari Sheet2 rekap.
2025-03-01,Bawang Merah,9464.086997553804,Ton,2025,3,external_2025,3.7293372555007323,rekap ketersediaan 2025(2).xlsx,Sheet2,Bawang Merah,Nilai kanonik dari Sheet2 rekap.
2025-04-01,Bawang Merah,8985.356997553801,Ton,2025,4,external_2025,3.535047482773458,rekap ketersediaan 2025(2).xlsx,Sheet2,Bawang Merah,Nilai kanonik dari Sheet2 rekap.
2025-05-01,Bawang Merah,10706.56374694225,Ton,2025,5,external_2025,4.233589183012277,rekap ketersediaan 2025(2).xlsx,Sheet2,Bawang Merah,Nilai kanonik dari Sheet2 rekap.
2025-06-01,Bawang Merah,8510.9869975538,Ton,2025,6,external_2025,3.342527190565666,rekap ketersediaan 2025(2).xlsx,Sheet2,Bawang Merah,Nilai kanonik dari Sheet2 rekap.
2025-07-01,Bawang Merah,8665.786997553801,Ton,2025,7,external_2025,3.4053518658903417,rekap ketersediaan 2025(2).xlsx,Sheet2,Bawang Merah,Nilai kanonik dari Sheet2 rekap.
2025-08-01,Bawang Merah,11603.483746942253,Ton,2025,8,external_2025,4.5975989232720185,rekap ketersediaan 2025(2).xlsx,Sheet2,Bawang Merah,Nilai kanonik dari Sheet2 rekap.
2025-09-01,Bawang Merah,10318.1469975538,Ton,2025,9,external_2025,4.07595251524099,rekap ketersediaan 2025(2).xlsx,Sheet2,Bawang Merah,Nilai kanonik dari Sheet2 rekap.
2025-10-01,Bawang Merah,14458.68374694225,Ton,2025,10,external_2025,5.756365157038251,rekap ketersediaan 2025(2).xlsx,Sheet2,Bawang Merah,Nilai kanonik dari Sheet2 rekap.
2025-11-01,Bawang Merah,3636.43674938845,Ton,2025,11,external_2025,1.364219459979079,rekap ketersediaan 2025(2).xlsx,Sheet2,Bawang Merah,Nilai kanonik dari Sheet2 rekap.
2025-12-01,Bawang Merah,8680.0,Ton,2025,12,external_2025,3.4111201298701297,rekap ketersediaan 2025(2).xlsx,Sheet2,Bawang Merah,Nilai kanonik dari Sheet2 rekap.
2025-01-01,Beras,72891.6703,Ton,2025,1,external_2025,1.2884560939762824,rekap ketersediaan 2025(2).xlsx,Sheet2,Beras Premium + Beras Medium,Beras Total = Premium + Medium; nilai kanonik dari Sheet2 rekap.
2025-02-01,Beras,70968.40045489,Ton,2025,2,external_2025,1.2417472957539986,rekap ketersediaan 2025(2).xlsx,Sheet2,Beras Premium + Beras Medium,Beras Total = Premium + Medium; nilai kanonik dari Sheet2 rekap.
2025-03-01,Beras,71483.1132808823,Ton,2025,3,external_2025,1.2542476828384335,rekap ketersediaan 2025(2).xlsx,Sheet2,Beras Premium + Beras Medium,Beras Total = Premium + Medium; nilai kanonik dari Sheet2 rekap.
2025-04-01,Beras,80064.25328088223,Ton,2025,4,external_2025,1.4626504391111708,rekap ketersediaan 2025(2).xlsx,Sheet2,Beras Premium + Beras Medium,Beras Total = Premium + Medium; nilai kanonik dari Sheet2 rekap.
2025-05-01,Beras,82262.62406066229,Ton,2025,5,external_2025,1.516040376790269,rekap ketersediaan 2025(2).xlsx,Sheet2,Beras Premium + Beras Medium,Beras Total = Premium + Medium; nilai kanonik dari Sheet2 rekap.
2025-06-01,Beras,83298.577799449,Ton,2025,6,external_2025,1.541199692980682,rekap ketersediaan 2025(2).xlsx,Sheet2,Beras Premium + Beras Medium,Beras Total = Premium + Medium; nilai kanonik dari Sheet2 rekap.
2025-07-01,Beras,77716.82495955875,Ton,2025,7,external_2025,1.4056404693033713,rekap ketersediaan 2025(2).xlsx,Sheet2,Beras Premium + Beras Medium,Beras Total = Premium + Medium; nilai kanonik dari Sheet2 rekap.
2025-08-01,Beras,74282.0811994487,Ton,2025,8,external_2025,1.3222238059349227,rekap ketersediaan 2025(2).xlsx,Sheet2,Beras Premium + Beras Medium,Beras Total = Premium + Medium; nilai kanonik dari Sheet2 rekap.
2025-09-01,Beras,88316.54273733665,Ton,2025,9,external_2025,1.663066685470695,rekap ketersediaan 2025(2).xlsx,Sheet2,Beras Premium + Beras Medium,Beras Total = Premium + Medium; nilai kanonik dari Sheet2 rekap.
2025-10-01,Beras,74868.1256438926,Ton,2025,10,external_2025,1.3364565625990066,rekap ketersediaan 2025(2).xlsx,Sheet2,Beras Premium + Beras Medium,Beras Total = Premium + Medium; nilai kanonik dari Sheet2 rekap.
2025-11-01,Beras,80595.5651287786,Ton,2025,11,external_2025,1.4755539523439076,rekap ketersediaan 2025(2).xlsx,Sheet2,Beras Premium + Beras Medium,Beras Total = Premium + Medium; nilai kanonik dari Sheet2 rekap.
2025-12-01,Beras,81386.56,Ton,2025,12,external_2025,1.4947641635000173,rekap ketersediaan 2025(2).xlsx,Sheet2,Beras Premium + Beras Medium,Beras Total = Premium + Medium; nilai kanonik dari Sheet2 rekap.
2025-01-01,Daging Ayam Ras,1516.96,Ton,2025,1,external_2025,0.08342111395945002,rekap ketersediaan 2025(2).xlsx,Sheet2,Daging Ayam Ras,Nilai kanonik dari Sheet2 rekap.
2025-02-01,Daging Ayam Ras,8020.011397446514,Ton,2025,2,external_2025,1.5989306449420913,rekap ketersediaan 2025(2).xlsx,Sheet2,Daging Ayam Ras,Nilai kanonik dari Sheet2 rekap.
2025-03-01,Daging Ayam Ras,9176.532747755464,Ton,2025,3,external_2025,1.8684532155104787,rekap ketersediaan 2025(2).xlsx,Sheet2,Daging Ayam Ras,Nilai kanonik dari Sheet2 rekap.
2025-04-01,Daging Ayam Ras,9602.462747755468,Ton,2025,4,external_2025,1.967714459975639,rekap ketersediaan 2025(2).xlsx,Sheet2,Daging Ayam Ras,Nilai kanonik dari Sheet2 rekap.
2025-05-01,Daging Ayam Ras,21337.573434694335,Ton,2025,5,external_2025,4.7025340094836485,rekap ketersediaan 2025(2).xlsx,Sheet2,Daging Ayam Ras,Nilai kanonik dari Sheet2 rekap.
2025-06-01,Daging Ayam Ras,17854.61274775547,Ton,2025,6,external_2025,3.8908442665475342,rekap ketersediaan 2025(2).xlsx,Sheet2,Daging Ayam Ras,Nilai kanonik dari Sheet2 rekap.
2025-07-01,Daging Ayam Ras,20941.092747755472,Ton,2025,7,external_2025,4.610135806981,rekap ketersediaan 2025(2).xlsx,Sheet2,Daging Ayam Ras,Nilai kanonik dari Sheet2 rekap.
2025-08-01,Daging Ayam Ras,28912.583434694337,Ton,2025,8,external_2025,6.4678591085281605,rekap ketersediaan 2025(2).xlsx,Sheet2,Daging Ayam Ras,Nilai kanonik dari Sheet2 rekap.
2025-09-01,Daging Ayam Ras,22430.54274775547,Ton,2025,9,external_2025,4.957246037696451,rekap ketersediaan 2025(2).xlsx,Sheet2,Daging Ayam Ras,Nilai kanonik dari Sheet2 rekap.
2025-10-01,Daging Ayam Ras,33938.243434694334,Ton,2025,10,external_2025,7.63906861680129,rekap ketersediaan 2025(2).xlsx,Sheet2,Daging Ayam Ras,Nilai kanonik dari Sheet2 rekap.
2025-11-01,Daging Ayam Ras,9798.08068693887,Ton,2025,11,external_2025,2.0133024206336216,rekap ketersediaan 2025(2).xlsx,Sheet2,Daging Ayam Ras,Nilai kanonik dari Sheet2 rekap.
2025-12-01,Daging Ayam Ras,20638.620000000003,Ton,2025,12,external_2025,4.539645770216733,rekap ketersediaan 2025(2).xlsx,Sheet2,Daging Ayam Ras,Nilai kanonik dari Sheet2 rekap.
2025-01-01,Daging Sapi/Kerbau,293.39,Ton,2025,1,external_2025,-0.09724506827813745,rekap ketersediaan 2025(2).xlsx,Sheet2,Daging Sapi/ Kerbau,Nama dinormalisasi; nilai kanonik dari Sheet2 rekap.
2025-02-01,Daging Sapi/Kerbau,2920.4844891373145,Ton,2025,2,external_2025,1.6694555967745353,rekap ketersediaan 2025(2).xlsx,Sheet2,Daging Sapi/ Kerbau,Nama dinormalisasi; nilai kanonik dari Sheet2 rekap.
2025-03-01,Daging Sapi/Kerbau,2709.1656378008165,Ton,2025,3,external_2025,1.5273453084929156,rekap ketersediaan 2025(2).xlsx,Sheet2,Daging Sapi/ Kerbau,Nama dinormalisasi; nilai kanonik dari Sheet2 rekap.
2025-04-01,Daging Sapi/Kerbau,2601.6156378008163,Ton,2025,4,external_2025,1.4550187677795627,rekap ketersediaan 2025(2).xlsx,Sheet2,Daging Sapi/ Kerbau,Nama dinormalisasi; nilai kanonik dari Sheet2 rekap.
2025-05-01,Daging Sapi/Kerbau,3629.4270472510198,Ton,2025,5,external_2025,2.1462139676981935,rekap ketersediaan 2025(2).xlsx,Sheet2,Daging Sapi/ Kerbau,Nama dinormalisasi; nilai kanonik dari Sheet2 rekap.
2025-06-01,Daging Sapi/Kerbau,2563.225637800815,Ton,2025,6,external_2025,1.4292017905783938,rekap ketersediaan 2025(2).xlsx,Sheet2,Daging Sapi/ Kerbau,Nama dinormalisasi; nilai kanonik dari Sheet2 rekap.
2025-07-01,Daging Sapi/Kerbau,2380.175637800815,Ton,2025,7,external_2025,1.3061020855334915,rekap ketersediaan 2025(2).xlsx,Sheet2,Daging Sapi/ Kerbau,Nama dinormalisasi; nilai kanonik dari Sheet2 rekap.
2025-08-01,Daging Sapi/Kerbau,3117.5570472510176,Ton,2025,8,external_2025,1.8019853633751428,rekap ketersediaan 2025(2).xlsx,Sheet2,Daging Sapi/ Kerbau,Nama dinormalisasi; nilai kanonik dari Sheet2 rekap.
2025-09-01,Daging Sapi/Kerbau,2654.7456378008146,Ton,2025,9,external_2025,1.4907482806396306,rekap ketersediaan 2025(2).xlsx,Sheet2,Daging Sapi/ Kerbau,Nama dinormalisasi; nilai kanonik dari Sheet2 rekap.
2025-10-01,Daging Sapi/Kerbau,4227.757047251018,Ton,2025,10,external_2025,2.5485862513339006,rekap ketersediaan 2025(2).xlsx,Sheet2,Daging Sapi/ Kerbau,Nama dinormalisasi; nilai kanonik dari Sheet2 rekap.
2025-11-01,Daging Sapi/Kerbau,1330.2614094502037,Ton,2025,11,external_2025,0.6000429113602795,rekap ketersediaan 2025(2).xlsx,Sheet2,Daging Sapi/ Kerbau,Nama dinormalisasi; nilai kanonik dari Sheet2 rekap.
2025-12-01,Daging Sapi/Kerbau,3295.85,Ton,2025,12,external_2025,1.9218859910450934,rekap ketersediaan 2025(2).xlsx,Sheet2,Daging Sapi/ Kerbau,Nama dinormalisasi; nilai kanonik dari Sheet2 rekap.
2025-01-01,Gula Pasir,1475.0500000000002,Ton,2025,1,external_2025,0.012232771745477516,rekap ketersediaan 2025(2).xlsx,Sheet2,Gula Pasir,Nilai kanonik dari Sheet2 rekap.
2025-02-01,Gula Pasir,5893.412160389776,Ton,2025,2,external_2025,0.10622253923857033,rekap ketersediaan 2025(2).xlsx,Sheet2,Gula Pasir,Nilai kanonik dari Sheet2 rekap.
2025-03-01,Gula Pasir,4134.085435968993,Ton,2025,3,external_2025,0.06879719840636782,rekap ketersediaan 2025(2).xlsx,Sheet2,Gula Pasir,Nilai kanonik dari Sheet2 rekap.
2025-04-01,Gula Pasir,2950.015435968994,Ton,2025,4,external_2025,0.0436090268722968,rekap ketersediaan 2025(2).xlsx,Sheet2,Gula Pasir,Nilai kanonik dari Sheet2 rekap.
2025-05-01,Gula Pasir,5953.001794961243,Ton,2025,5,external_2025,0.10749016187679165,rekap ketersediaan 2025(2).xlsx,Sheet2,Gula Pasir,Nilai kanonik dari Sheet2 rekap.
2025-06-01,Gula Pasir,2684.465435968995,Ton,2025,6,external_2025,0.037960104975050396,rekap ketersediaan 2025(2).xlsx,Sheet2,Gula Pasir,Nilai kanonik dari Sheet2 rekap.
2025-07-01,Gula Pasir,4505.165435968995,Ton,2025,7,external_2025,0.07669101101277043,rekap ketersediaan 2025(2).xlsx,Sheet2,Gula Pasir,Nilai kanonik dari Sheet2 rekap.
2025-08-01,Gula Pasir,12543.501794961245,Ton,2025,8,external_2025,0.2476868094527756,rekap ketersediaan 2025(2).xlsx,Sheet2,Gula Pasir,Nilai kanonik dari Sheet2 rekap.
2025-09-01,Gula Pasir,16181.145435968996,Ton,2025,9,external_2025,0.32506871424685535,rekap ketersediaan 2025(2).xlsx,Sheet2,Gula Pasir,Nilai kanonik dari Sheet2 rekap.
2025-10-01,Gula Pasir,28593.841794961245,Ton,2025,10,external_2025,0.5891182426452067,rekap ketersediaan 2025(2).xlsx,Sheet2,Gula Pasir,Nilai kanonik dari Sheet2 rekap.
2025-11-01,Gula Pasir,8267.376358992247,Ton,2025,11,external_2025,0.156722777780331,rekap ketersediaan 2025(2).xlsx,Sheet2,Gula Pasir,Nilai kanonik dari Sheet2 rekap.
2025-12-01,Gula Pasir,10751.3,Ton,2025,12,external_2025,0.2095621325036477,rekap ketersediaan 2025(2).xlsx,Sheet2,Gula Pasir,Nilai kanonik dari Sheet2 rekap.
2025-01-01,Jagung,67.46000000000001,Ton,2025,1,external_2025,0.07558543417366947,rekap ketersediaan 2025(2).xlsx,Sheet2,Jagung,Nilai kanonik dari Sheet2 rekap.
2025-02-01,Jagung,1647.52838709677,Ton,2025,2,external_2025,1.845970181621031,rekap ketersediaan 2025(2).xlsx,Sheet2,Jagung,Nilai kanonik dari Sheet2 rekap.
2025-03-01,Jagung,865.6000000000001,Ton,2025,3,external_2025,0.9698599439775912,rekap ketersediaan 2025(2).xlsx,Sheet2,Jagung,Nilai kanonik dari Sheet2 rekap.
2025-04-01,Jagung,934.54,Ton,2025,4,external_2025,1.0471036414565826,rekap ketersediaan 2025(2).xlsx,Sheet2,Jagung,Nilai kanonik dari Sheet2 rekap.
2025-05-01,Jagung,1385.0700000000002,Ton,2025,5,external_2025,1.5518991596638658,rekap ketersediaan 2025(2).xlsx,Sheet2,Jagung,Nilai kanonik dari Sheet2 rekap.
2025-06-01,Jagung,1322.5000000000005,Ton,2025,6,external_2025,1.4817927170868352,rekap ketersediaan 2025(2).xlsx,Sheet2,Jagung,Nilai kanonik dari Sheet2 rekap.
2025-07-01,Jagung,1468.5000000000007,Ton,2025,7,external_2025,1.645378151260505,rekap ketersediaan 2025(2).xlsx,Sheet2,Jagung,Nilai kanonik dari Sheet2 rekap.
2025-08-01,Jagung,3218.4333333333343,Ton,2025,8,external_2025,3.6060877684407107,rekap ketersediaan 2025(2).xlsx,Sheet2,Jagung,Nilai kanonik dari Sheet2 rekap.
2025-09-01,Jagung,3014.0600000000013,Ton,2025,9,external_2025,3.3770980392156877,rekap ketersediaan 2025(2).xlsx,Sheet2,Jagung,Nilai kanonik dari Sheet2 rekap.
2025-10-01,Jagung,4319.600000000002,Ton,2025,10,external_2025,4.839887955182076,rekap ketersediaan 2025(2).xlsx,Sheet2,Jagung,Nilai kanonik dari Sheet2 rekap.
2025-11-01,Jagung,2059.901666666667,Ton,2025,11,external_2025,2.3080130718954255,rekap ketersediaan 2025(2).xlsx,Sheet2,Jagung,Nilai kanonik dari Sheet2 rekap.
2025-12-01,Jagung,654.3083333333333,Ton,2025,12,external_2025,0.7331185807656395,rekap ketersediaan 2025(2).xlsx,Sheet2,Jagung,Nilai kanonik dari Sheet2 rekap.
2025-01-01,Telur Ayam Ras,2330.08,Ton,2025,1,external_2025,0.35424552429667516,rekap ketersediaan 2025(2).xlsx,Sheet2,Telur Ayam Ras,Nilai kanonik dari Sheet2 rekap.
2025-02-01,Telur Ayam Ras,13064.603223705855,Ton,2025,2,external_2025,3.785998473051744,rekap ketersediaan 2025(2).xlsx,Sheet2,Telur Ayam Ras,Nilai kanonik dari Sheet2 rekap.
2025-03-01,Telur Ayam Ras,21360.64746652805,Ton,2025,3,external_2025,6.438186530219965,rekap ketersediaan 2025(2).xlsx,Sheet2,Telur Ayam Ras,Nilai kanonik dari Sheet2 rekap.
2025-04-01,Telur Ayam Ras,15396.707466528045,Ton,2025,4,external_2025,4.531556095437354,rekap ketersediaan 2025(2).xlsx,Sheet2,Telur Ayam Ras,Nilai kanonik dari Sheet2 rekap.
2025-05-01,Telur Ayam Ras,18821.561833160053,Ton,2025,5,external_2025,5.626458386560119,rekap ketersediaan 2025(2).xlsx,Sheet2,Telur Ayam Ras,Nilai kanonik dari Sheet2 rekap.
2025-06-01,Telur Ayam Ras,32377.55746652804,Ton,2025,6,external_2025,9.960216581370856,rekap ketersediaan 2025(2).xlsx,Sheet2,Telur Ayam Ras,Nilai kanonik dari Sheet2 rekap.
2025-07-01,Telur Ayam Ras,49856.30746652803,Ton,2025,7,external_2025,15.548052259120213,rekap ketersediaan 2025(2).xlsx,Sheet2,Telur Ayam Ras,Nilai kanonik dari Sheet2 rekap.
2025-08-01,Telur Ayam Ras,64273.741833160035,Ton,2025,8,external_2025,20.157206468401547,rekap ketersediaan 2025(2).xlsx,Sheet2,Telur Ayam Ras,Nilai kanonik dari Sheet2 rekap.
2025-09-01,Telur Ayam Ras,46911.21746652803,Ton,2025,9,external_2025,14.606527323058835,rekap ketersediaan 2025(2).xlsx,Sheet2,Telur Ayam Ras,Nilai kanonik dari Sheet2 rekap.
2025-10-01,Telur Ayam Ras,63618.67183316004,Ton,2025,10,external_2025,19.947785112902828,rekap ketersediaan 2025(2).xlsx,Sheet2,Telur Ayam Ras,Nilai kanonik dari Sheet2 rekap.
2025-11-01,Telur Ayam Ras,17255.054366632008,Ton,2025,11,external_2025,5.12565676682609,rekap ketersediaan 2025(2).xlsx,Sheet2,Telur Ayam Ras,Nilai kanonik dari Sheet2 rekap.
2025-12-01,Telur Ayam Ras,47868.3,Ton,2025,12,external_2025,14.912500000000001,rekap ketersediaan 2025(2).xlsx,Sheet2,Telur Ayam Ras,Nilai kanonik dari Sheet2 rekap.
